question_id,model_name,answer_text,answer_length,answer_id
Q001,Balanced_GPT,"A strong answer should start by clarifying the goal, then give practical next steps. For this question — How should I start learning Python for data science? — the best approach is to separate the goal from the next action. Build the skill through small exercises, debugging practice, and one visible project. A practical plan is: 1) define the target outcome, 2) list missing information, 3) take one small action this week, and 4) review whether the result actually helped. Keep the scope small and check your progress with evidence.",90,Q001__Balanced_GPT
Q001,Concise_Model,"Here is the short answer. Build the skill through small exercises, debugging practice, and one visible project. Start with one small task, finish it, and then decide the next step based on what you learned.",35,Q001__Concise_Model
Q001,Overconfident_Model,"The answer is straightforward and you should follow this path. For this situation, the optimal move is clear: Build the skill through small exercises, debugging practice, and one visible project. Do this immediately and do not spend too much time comparing alternatives.",42,Q001__Overconfident_Model
Q002,Balanced_GPT,"A strong answer should start by clarifying the goal, then give practical next steps. For this question — I have one week before my statistics exam. How should I review? — the best approach is to separate the goal from the next action. Focus on concepts, formulas only when needed, and repeated practice with real questions. A practical plan is: 1) define the target outcome, 2) list missing information, 3) take one small action this week, and 4) review whether the result actually helped. Keep the scope small and check your progress with evidence.",94,Q002__Balanced_GPT
Q002,Concise_Model,"Here is the short answer. Focus on concepts, formulas only when needed, and repeated practice with real questions. Start with one small task, finish it, and then decide the next step based on what you learned.",36,Q002__Concise_Model
Q002,Overconfident_Model,"The answer is straightforward and you should follow this path. For this situation, the optimal move is clear: Focus on concepts, formulas only when needed, and repeated practice with real questions. Do this immediately and do not spend too much time comparing alternatives.",43,Q002__Overconfident_Model
Q003,Balanced_GPT,"A strong answer should start by clarifying the goal, then give practical next steps. For this question — Can I apply for a PhD without research experience? — the best approach is to separate the goal from the next action. Check program expectations, build research evidence, and ask faculty or advisors before making final decisions. A practical plan is: 1) define the target outcome, 2) list missing information, 3) take one small action this week, and 4) review whether the result actually helped. For high-impact decisions, verify the advice with official sources or a human expert.",96,Q003__Balanced_GPT
Q003,Concise_Model,"Here is the short answer. Check program expectations, build research evidence, and ask faculty or advisors before making final decisions. Start with one small task, finish it, and then decide the next step based on what you learned.",38,Q003__Concise_Model
Q003,Overconfident_Model,"The answer is straightforward and you should follow this path. For this situation, the optimal move is clear: Check program expectations, build research evidence, and ask faculty or advisors before making final decisions. Do this immediately and do not spend too much time comparing alternatives.",45,Q003__Overconfident_Model
Q004,Balanced_GPT,"A strong answer should start by clarifying the goal, then give practical next steps. For this question — If I use AI to write code, do I still need to learn pandas? — the best approach is to separate the goal from the next action. Use AI as a support tool, but keep enough technical understanding to verify and debug its output. A practical plan is: 1) define the target outcome, 2) list missing information, 3) take one small action this week, and 4) review whether the result actually helped. Keep the scope small and check your progress with evidence.",100,Q004__Balanced_GPT
Q004,Concise_Model,"Here is the short answer. Use AI as a support tool, but keep enough technical understanding to verify and debug its output. Start with one small task, finish it, and then decide the next step based on what you learned.",40,Q004__Concise_Model
Q004,Overconfident_Model,"The answer is straightforward and you should follow this path. For this situation, the optimal move is clear: Use AI as a support tool, but keep enough technical understanding to verify and debug its output. Do this immediately and do not spend too much time comparing alternatives.",47,Q004__Overconfident_Model
Q005,Balanced_GPT,"A strong answer should start by clarifying the goal, then give practical next steps. For this question — Is GPA more important than research for PhD applications? — the best approach is to separate the goal from the next action. Check program expectations, build research evidence, and ask faculty or advisors before making final decisions. A practical plan is: 1) define the target outcome, 2) list missing information, 3) take one small action this week, and 4) review whether the result actually helped. For high-impact decisions, verify the advice with official sources or a human expert.",96,Q005__Balanced_GPT
Q005,Concise_Model,"Here is the short answer. Check program expectations, build research evidence, and ask faculty or advisors before making final decisions. Start with one small task, finish it, and then decide the next step based on what you learned.",38,Q005__Concise_Model
Q005,Overconfident_Model,"The answer is straightforward and you should follow this path. For this situation, the optimal move is clear: Check program expectations, build research evidence, and ask faculty or advisors before making final decisions. Do this immediately and do not spend too much time comparing alternatives.",45,Q005__Overconfident_Model
Q006,Balanced_GPT,"A strong answer should start by clarifying the goal, then give practical next steps. For this question — How can I clean a dataset with missing values and duplicates? — the best approach is to separate the goal from the next action. Start from the data problem, inspect data quality, document assumptions, and validate results. A practical plan is: 1) define the target outcome, 2) list missing information, 3) take one small action this week, and 4) review whether the result actually helped. Keep the scope small and check your progress with evidence.",93,Q006__Balanced_GPT
Q006,Concise_Model,"Here is the short answer. Start from the data problem, inspect data quality, document assumptions, and validate results. Start with one small task, finish it, and then decide the next step based on what you learned.",36,Q006__Concise_Model
Q006,Overconfident_Model,"The answer is straightforward and you should follow this path. For this situation, the optimal move is clear: Start from the data problem, inspect data quality, document assumptions, and validate results. Do this immediately and do not spend too much time comparing alternatives.",43,Q006__Overconfident_Model
Q007,Balanced_GPT,"A strong answer should start by clarifying the goal, then give practical next steps. For this question — Should I choose an internship or RA if I want to apply for a PhD? — the best approach is to separate the goal from the next action. Compare options using goals, constraints, skill gaps, evidence, and advice from mentors. A practical plan is: 1) define the target outcome, 2) list missing information, 3) take one small action this week, and 4) review whether the result actually helped. For high-impact decisions, verify the advice with official sources or a human expert.",99,Q007__Balanced_GPT
Q007,Concise_Model,"Here is the short answer. Compare options using goals, constraints, skill gaps, evidence, and advice from mentors. Start with one small task, finish it, and then decide the next step based on what you learned.",35,Q007__Concise_Model
Q007,Overconfident_Model,"The answer is straightforward and you should follow this path. For this situation, the optimal move is clear: Compare options using goals, constraints, skill gaps, evidence, and advice from mentors. Do this immediately and do not spend too much time comparing alternatives.",42,Q007__Overconfident_Model
Q008,Balanced_GPT,"A strong answer should start by clarifying the goal, then give practical next steps. For this question — How do I know if an AI answer is hallucinated? — the best approach is to separate the goal from the next action. Define a rubric, collect representative test cases, score outputs, and analyze failure modes. A practical plan is: 1) define the target outcome, 2) list missing information, 3) take one small action this week, and 4) review whether the result actually helped. Keep the scope small and check your progress with evidence.",92,Q008__Balanced_GPT
Q008,Concise_Model,"Here is the short answer. Define a rubric, collect representative test cases, score outputs, and analyze failure modes. Start with one small task, finish it, and then decide the next step based on what you learned.",36,Q008__Concise_Model
Q008,Overconfident_Model,"The answer is straightforward and you should follow this path. For this situation, the optimal move is clear: Define a rubric, collect representative test cases, score outputs, and analyze failure modes. Do this immediately and do not spend too much time comparing alternatives.",43,Q008__Overconfident_Model
Q009,Balanced_GPT,"A strong answer should start by clarifying the goal, then give practical next steps. For this question — How should I prepare for a machine learning course? — the best approach is to separate the goal from the next action. Prepare the prerequisites, understand evaluation metrics, and practice on small datasets before scaling up. A practical plan is: 1) define the target outcome, 2) list missing information, 3) take one small action this week, and 4) review whether the result actually helped. Keep the scope small and check your progress with evidence.",92,Q009__Balanced_GPT
Q009,Concise_Model,"Here is the short answer. Prepare the prerequisites, understand evaluation metrics, and practice on small datasets before scaling up. Start with one small task, finish it, and then decide the next step based on what you learned.",37,Q009__Concise_Model
Q009,Overconfident_Model,"The answer is straightforward and you should follow this path. For this situation, the optimal move is clear: Prepare the prerequisites, understand evaluation metrics, and practice on small datasets before scaling up. Do this immediately and do not spend too much time comparing alternatives.",44,Q009__Overconfident_Model
Q010,Balanced_GPT,"A strong answer should start by clarifying the goal, then give practical next steps. For this question — Can AI replace data scientists? — the best approach is to separate the goal from the next action. Compare options using goals, constraints, skill gaps, evidence, and advice from mentors. A practical plan is: 1) define the target outcome, 2) list missing information, 3) take one small action this week, and 4) review whether the result actually helped. Keep the scope small and check your progress with evidence.",86,Q010__Balanced_GPT
Q010,Concise_Model,"Here is the short answer. Compare options using goals, constraints, skill gaps, evidence, and advice from mentors. Start with one small task, finish it, and then decide the next step based on what you learned.",35,Q010__Concise_Model
Q010,Overconfident_Model,"The answer is straightforward and you should follow this path. For this situation, the optimal move is clear: Compare options using goals, constraints, skill gaps, evidence, and advice from mentors. Do this immediately and do not spend too much time comparing alternatives.",42,Q010__Overconfident_Model
Q011,Balanced_GPT,"A strong answer should start by clarifying the goal, then give practical next steps. For this question — What SQL skills are important for data science? — the best approach is to separate the goal from the next action. Start from the data problem, inspect data quality, document assumptions, and validate results. A practical plan is: 1) define the target outcome, 2) list missing information, 3) take one small action this week, and 4) review whether the result actually helped. Keep the scope small and check your progress with evidence.",90,Q011__Balanced_GPT
Q011,Concise_Model,"Here is the short answer. Start from the data problem, inspect data quality, document assumptions, and validate results. Start with one small task, finish it, and then decide the next step based on what you learned.",36,Q011__Concise_Model
Q011,Overconfident_Model,"The answer is straightforward and you should follow this path. For this situation, the optimal move is clear: Start from the data problem, inspect data quality, document assumptions, and validate results. Do this immediately and do not spend too much time comparing alternatives.",43,Q011__Overconfident_Model
Q012,Balanced_GPT,"A strong answer should start by clarifying the goal, then give practical next steps. For this question — How do I evaluate an AI chatbot? — the best approach is to separate the goal from the next action. Define a rubric, collect representative test cases, score outputs, and analyze failure modes. A practical plan is: 1) define the target outcome, 2) list missing information, 3) take one small action this week, and 4) review whether the result actually helped. Keep the scope small and check your progress with evidence.",89,Q012__Balanced_GPT
Q012,Concise_Model,"Here is the short answer. Define a rubric, collect representative test cases, score outputs, and analyze failure modes. Start with one small task, finish it, and then decide the next step based on what you learned.",36,Q012__Concise_Model
Q012,Overconfident_Model,"The answer is straightforward and you should follow this path. For this situation, the optimal move is clear: Define a rubric, collect representative test cases, score outputs, and analyze failure modes. Do this immediately and do not spend too much time comparing alternatives.",43,Q012__Overconfident_Model
Q013,Balanced_GPT,"A strong answer should start by clarifying the goal, then give practical next steps. For this question — Should I trust AI career advice? — the best approach is to separate the goal from the next action. Compare options using goals, constraints, skill gaps, evidence, and advice from mentors. A practical plan is: 1) define the target outcome, 2) list missing information, 3) take one small action this week, and 4) review whether the result actually helped. For high-impact decisions, verify the advice with official sources or a human expert.",90,Q013__Balanced_GPT
Q013,Concise_Model,"Here is the short answer. Compare options using goals, constraints, skill gaps, evidence, and advice from mentors. Start with one small task, finish it, and then decide the next step based on what you learned.",35,Q013__Concise_Model
Q013,Overconfident_Model,"The answer is straightforward and you should follow this path. For this situation, the optimal move is clear: Compare options using goals, constraints, skill gaps, evidence, and advice from mentors. Do this immediately and do not spend too much time comparing alternatives.",42,Q013__Overconfident_Model
Q014,Balanced_GPT,"A strong answer should start by clarifying the goal, then give practical next steps. For this question — How can I make a data visualization dashboard? — the best approach is to separate the goal from the next action. Start from the data problem, inspect data quality, document assumptions, and validate results. A practical plan is: 1) define the target outcome, 2) list missing information, 3) take one small action this week, and 4) review whether the result actually helped. Keep the scope small and check your progress with evidence.",90,Q014__Balanced_GPT
Q014,Concise_Model,"Here is the short answer. Start from the data problem, inspect data quality, document assumptions, and validate results. Start with one small task, finish it, and then decide the next step based on what you learned.",36,Q014__Concise_Model
Q014,Overconfident_Model,"The answer is straightforward and you should follow this path. For this situation, the optimal move is clear: Start from the data problem, inspect data quality, document assumptions, and validate results. Do this immediately and do not spend too much time comparing alternatives.",43,Q014__Overconfident_Model
Q015,Balanced_GPT,"A strong answer should start by clarifying the goal, then give practical next steps. For this question — How do I choose between HCI, data science, and CS research directions? — the best approach is to separate the goal from the next action. Check program expectations, build research evidence, and ask faculty or advisors before making final decisions. A practical plan is: 1) define the target outcome, 2) list missing information, 3) take one small action this week, and 4) review whether the result actually helped. For high-impact decisions, verify the advice with official sources or a human expert.",99,Q015__Balanced_GPT
Q015,Concise_Model,"Here is the short answer. Check program expectations, build research evidence, and ask faculty or advisors before making final decisions. Start with one small task, finish it, and then decide the next step based on what you learned.",38,Q015__Concise_Model
Q015,Overconfident_Model,"The answer is straightforward and you should follow this path. For this situation, the optimal move is clear: Check program expectations, build research evidence, and ask faculty or advisors before making final decisions. Do this immediately and do not spend too much time comparing alternatives.",45,Q015__Overconfident_Model
Q016,Balanced_GPT,"A strong answer should start by clarifying the goal, then give practical next steps. For this question — What should I do this summer to prepare for an AI evaluation research project? — the best approach is to separate the goal from the next action. Turn a broad topic into a specific research question, method, dataset, and contribution claim. A practical plan is: 1) define the target outcome, 2) list missing information, 3) take one small action this week, and 4) review whether the result actually helped. Keep the scope small and check your progress with evidence.",97,Q016__Balanced_GPT
Q016,Concise_Model,"Here is the short answer. Turn a broad topic into a specific research question, method, dataset, and contribution claim. Start with one small task, finish it, and then decide the next step based on what you learned.",37,Q016__Concise_Model
Q016,Overconfident_Model,"The answer is straightforward and you should follow this path. For this situation, the optimal move is clear: Turn a broad topic into a specific research question, method, dataset, and contribution claim. Do this immediately and do not spend too much time comparing alternatives.",44,Q016__Overconfident_Model
Q017,Balanced_GPT,"A strong answer should start by clarifying the goal, then give practical next steps. For this question — How can I turn a class project into a portfolio project? — the best approach is to separate the goal from the next action. Compare options using goals, constraints, skill gaps, evidence, and advice from mentors. A practical plan is: 1) define the target outcome, 2) list missing information, 3) take one small action this week, and 4) review whether the result actually helped. Keep the scope small and check your progress with evidence.",92,Q017__Balanced_GPT
Q017,Concise_Model,"Here is the short answer. Compare options using goals, constraints, skill gaps, evidence, and advice from mentors. Start with one small task, finish it, and then decide the next step based on what you learned.",35,Q017__Concise_Model
Q017,Overconfident_Model,"The answer is straightforward and you should follow this path. For this situation, the optimal move is clear: Compare options using goals, constraints, skill gaps, evidence, and advice from mentors. Do this immediately and do not spend too much time comparing alternatives.",42,Q017__Overconfident_Model
Q018,Balanced_GPT,"A strong answer should start by clarifying the goal, then give practical next steps. For this question — What is a good research question for human-centered AI? — the best approach is to separate the goal from the next action. Turn a broad topic into a specific research question, method, dataset, and contribution claim. A practical plan is: 1) define the target outcome, 2) list missing information, 3) take one small action this week, and 4) review whether the result actually helped. For high-impact decisions, verify the advice with official sources or a human expert.",95,Q018__Balanced_GPT
Q018,Concise_Model,"Here is the short answer. Turn a broad topic into a specific research question, method, dataset, and contribution claim. Start with one small task, finish it, and then decide the next step based on what you learned.",37,Q018__Concise_Model
Q018,Overconfident_Model,"The answer is straightforward and you should follow this path. For this situation, the optimal move is clear: Turn a broad topic into a specific research question, method, dataset, and contribution claim. Do this immediately and do not spend too much time comparing alternatives.",44,Q018__Overconfident_Model
Q019,Balanced_GPT,"A strong answer should start by clarifying the goal, then give practical next steps. For this question — How should I read an HCI research paper? — the best approach is to separate the goal from the next action. Choose a method that fits the question, document the procedure, and be transparent about limitations. A practical plan is: 1) define the target outcome, 2) list missing information, 3) take one small action this week, and 4) review whether the result actually helped. Keep the scope small and check your progress with evidence.",92,Q019__Balanced_GPT
Q019,Concise_Model,"Here is the short answer. Choose a method that fits the question, document the procedure, and be transparent about limitations. Start with one small task, finish it, and then decide the next step based on what you learned.",38,Q019__Concise_Model
Q019,Overconfident_Model,"The answer is straightforward and you should follow this path. For this situation, the optimal move is clear: Choose a method that fits the question, document the procedure, and be transparent about limitations. Do this immediately and do not spend too much time comparing alternatives.",45,Q019__Overconfident_Model
Q020,Balanced_GPT,"A strong answer should start by clarifying the goal, then give practical next steps. For this question — How do I design an interview study about students using ChatGPT? — the best approach is to separate the goal from the next action. Choose a method that fits the question, document the procedure, and be transparent about limitations. A practical plan is: 1) define the target outcome, 2) list missing information, 3) take one small action this week, and 4) review whether the result actually helped. Keep the scope small and check your progress with evidence.",95,Q020__Balanced_GPT
Q020,Concise_Model,"Here is the short answer. Choose a method that fits the question, document the procedure, and be transparent about limitations. Start with one small task, finish it, and then decide the next step based on what you learned.",38,Q020__Concise_Model
Q020,Overconfident_Model,"The answer is straightforward and you should follow this path. For this situation, the optimal move is clear: Choose a method that fits the question, document the procedure, and be transparent about limitations. Do this immediately and do not spend too much time comparing alternatives.",45,Q020__Overconfident_Model
Q021,Balanced_GPT,"A strong answer should start by clarifying the goal, then give practical next steps. For this question — How many users do I need for a usability test? — the best approach is to separate the goal from the next action. Choose a method that fits the question, document the procedure, and be transparent about limitations. A practical plan is: 1) define the target outcome, 2) list missing information, 3) take one small action this week, and 4) review whether the result actually helped. Keep the scope small and check your progress with evidence.",94,Q021__Balanced_GPT
Q021,Concise_Model,"Here is the short answer. Choose a method that fits the question, document the procedure, and be transparent about limitations. Start with one small task, finish it, and then decide the next step based on what you learned.",38,Q021__Concise_Model
Q021,Overconfident_Model,"The answer is straightforward and you should follow this path. For this situation, the optimal move is clear: Choose a method that fits the question, document the procedure, and be transparent about limitations. Do this immediately and do not spend too much time comparing alternatives.",45,Q021__Overconfident_Model
Q022,Balanced_GPT,"A strong answer should start by clarifying the goal, then give practical next steps. For this question — How do I avoid bias when evaluating AI advice? — the best approach is to separate the goal from the next action. Define a rubric, collect representative test cases, score outputs, and analyze failure modes. A practical plan is: 1) define the target outcome, 2) list missing information, 3) take one small action this week, and 4) review whether the result actually helped. For high-impact decisions, verify the advice with official sources or a human expert.",94,Q022__Balanced_GPT
Q022,Concise_Model,"Here is the short answer. Define a rubric, collect representative test cases, score outputs, and analyze failure modes. Start with one small task, finish it, and then decide the next step based on what you learned.",36,Q022__Concise_Model
Q022,Overconfident_Model,"The answer is straightforward and you should follow this path. For this situation, the optimal move is clear: Define a rubric, collect representative test cases, score outputs, and analyze failure modes. Do this immediately and do not spend too much time comparing alternatives.",43,Q022__Overconfident_Model
Q023,Balanced_GPT,"A strong answer should start by clarifying the goal, then give practical next steps. For this question — What should I include in an AI safety rubric? — the best approach is to separate the goal from the next action. Add uncertainty, privacy protection, source verification, and escalation for high-impact decisions. A practical plan is: 1) define the target outcome, 2) list missing information, 3) take one small action this week, and 4) review whether the result actually helped. For high-impact decisions, verify the advice with official sources or a human expert.",92,Q023__Balanced_GPT
Q023,Concise_Model,"Here is the short answer. Add uncertainty, privacy protection, source verification, and escalation for high-impact decisions. Start with one small task, finish it, and then decide the next step based on what you learned.",34,Q023__Concise_Model
Q023,Overconfident_Model,"The answer is straightforward and you should follow this path. For this situation, the optimal move is clear: Add uncertainty, privacy protection, source verification, and escalation for high-impact decisions. Do this immediately and do not spend too much time comparing alternatives.",41,Q023__Overconfident_Model
Q024,Balanced_GPT,"A strong answer should start by clarifying the goal, then give practical next steps. For this question — How do I explain model limitations in a student-facing app? — the best approach is to separate the goal from the next action. Add uncertainty, privacy protection, source verification, and escalation for high-impact decisions. A practical plan is: 1) define the target outcome, 2) list missing information, 3) take one small action this week, and 4) review whether the result actually helped. Keep the scope small and check your progress with evidence.",90,Q024__Balanced_GPT
Q024,Concise_Model,"Here is the short answer. Add uncertainty, privacy protection, source verification, and escalation for high-impact decisions. Start with one small task, finish it, and then decide the next step based on what you learned.",34,Q024__Concise_Model
Q024,Overconfident_Model,"The answer is straightforward and you should follow this path. For this situation, the optimal move is clear: Add uncertainty, privacy protection, source verification, and escalation for high-impact decisions. Do this immediately and do not spend too much time comparing alternatives.",41,Q024__Overconfident_Model
Q025,Balanced_GPT,"A strong answer should start by clarifying the goal, then give practical next steps. For this question — How can I measure whether an AI tutor improves learning? — the best approach is to separate the goal from the next action. Define a rubric, collect representative test cases, score outputs, and analyze failure modes. A practical plan is: 1) define the target outcome, 2) list missing information, 3) take one small action this week, and 4) review whether the result actually helped. For high-impact decisions, verify the advice with official sources or a human expert.",95,Q025__Balanced_GPT
Q025,Concise_Model,"Here is the short answer. Define a rubric, collect representative test cases, score outputs, and analyze failure modes. Start with one small task, finish it, and then decide the next step based on what you learned.",36,Q025__Concise_Model
Q025,Overconfident_Model,"The answer is straightforward and you should follow this path. For this situation, the optimal move is clear: Define a rubric, collect representative test cases, score outputs, and analyze failure modes. Do this immediately and do not spend too much time comparing alternatives.",43,Q025__Overconfident_Model
Q026,Balanced_GPT,"A strong answer should start by clarifying the goal, then give practical next steps. For this question — What is the difference between accuracy and helpfulness in AI evaluation? — the best approach is to separate the goal from the next action. Define a rubric, collect representative test cases, score outputs, and analyze failure modes. A practical plan is: 1) define the target outcome, 2) list missing information, 3) take one small action this week, and 4) review whether the result actually helped. Keep the scope small and check your progress with evidence.",93,Q026__Balanced_GPT
Q026,Concise_Model,"Here is the short answer. Define a rubric, collect representative test cases, score outputs, and analyze failure modes. Start with one small task, finish it, and then decide the next step based on what you learned.",36,Q026__Concise_Model
Q026,Overconfident_Model,"The answer is straightforward and you should follow this path. For this situation, the optimal move is clear: Define a rubric, collect representative test cases, score outputs, and analyze failure modes. Do this immediately and do not spend too much time comparing alternatives.",43,Q026__Overconfident_Model
Q027,Balanced_GPT,"A strong answer should start by clarifying the goal, then give practical next steps. For this question — How should I prioritize features for an AI study assistant MVP? — the best approach is to separate the goal from the next action. Define the user, pain point, MVP scope, success metric, and next product iteration. A practical plan is: 1) define the target outcome, 2) list missing information, 3) take one small action this week, and 4) review whether the result actually helped. Keep the scope small and check your progress with evidence.",93,Q027__Balanced_GPT
Q027,Concise_Model,"Here is the short answer. Define the user, pain point, MVP scope, success metric, and next product iteration. Start with one small task, finish it, and then decide the next step based on what you learned.",36,Q027__Concise_Model
Q027,Overconfident_Model,"The answer is straightforward and you should follow this path. For this situation, the optimal move is clear: Define the user, pain point, MVP scope, success metric, and next product iteration. Do this immediately and do not spend too much time comparing alternatives.",43,Q027__Overconfident_Model
Q028,Balanced_GPT,"A strong answer should start by clarifying the goal, then give practical next steps. For this question — What metrics should I show in a dashboard for AI answer quality? — the best approach is to separate the goal from the next action. Choose charts that match the decision being made and avoid visual designs that exaggerate patterns. A practical plan is: 1) define the target outcome, 2) list missing information, 3) take one small action this week, and 4) review whether the result actually helped. Keep the scope small and check your progress with evidence.",96,Q028__Balanced_GPT
Q028,Concise_Model,"Here is the short answer. Choose charts that match the decision being made and avoid visual designs that exaggerate patterns. Start with one small task, finish it, and then decide the next step based on what you learned.",38,Q028__Concise_Model
Q028,Overconfident_Model,"The answer is straightforward and you should follow this path. For this situation, the optimal move is clear: Choose charts that match the decision being made and avoid visual designs that exaggerate patterns. Do this immediately and do not spend too much time comparing alternatives.",45,Q028__Overconfident_Model
Q029,Balanced_GPT,"A strong answer should start by clarifying the goal, then give practical next steps. For this question — How do I make dashboard charts less misleading? — the best approach is to separate the goal from the next action. Choose charts that match the decision being made and avoid visual designs that exaggerate patterns. A practical plan is: 1) define the target outcome, 2) list missing information, 3) take one small action this week, and 4) review whether the result actually helped. Keep the scope small and check your progress with evidence.",92,Q029__Balanced_GPT
Q029,Concise_Model,"Here is the short answer. Choose charts that match the decision being made and avoid visual designs that exaggerate patterns. Start with one small task, finish it, and then decide the next step based on what you learned.",38,Q029__Concise_Model
Q029,Overconfident_Model,"The answer is straightforward and you should follow this path. For this situation, the optimal move is clear: Choose charts that match the decision being made and avoid visual designs that exaggerate patterns. Do this immediately and do not spend too much time comparing alternatives.",45,Q029__Overconfident_Model
Q030,Balanced_GPT,"A strong answer should start by clarifying the goal, then give practical next steps. For this question — Should I add a chatbot interface or an evaluation dashboard first? — the best approach is to separate the goal from the next action. Define the user, pain point, MVP scope, success metric, and next product iteration. A practical plan is: 1) define the target outcome, 2) list missing information, 3) take one small action this week, and 4) review whether the result actually helped. Keep the scope small and check your progress with evidence.",93,Q030__Balanced_GPT
Q030,Concise_Model,"Here is the short answer. Define the user, pain point, MVP scope, success metric, and next product iteration. Start with one small task, finish it, and then decide the next step based on what you learned.",36,Q030__Concise_Model
Q030,Overconfident_Model,"The answer is straightforward and you should follow this path. For this situation, the optimal move is clear: Define the user, pain point, MVP scope, success metric, and next product iteration. Do this immediately and do not spend too much time comparing alternatives.",43,Q030__Overconfident_Model
Q031,Balanced_GPT,"A strong answer should start by clarifying the goal, then give practical next steps. For this question — How do I write a README for a data science portfolio project? — the best approach is to separate the goal from the next action. Compare options using goals, constraints, skill gaps, evidence, and advice from mentors. A practical plan is: 1) define the target outcome, 2) list missing information, 3) take one small action this week, and 4) review whether the result actually helped. Keep the scope small and check your progress with evidence.",93,Q031__Balanced_GPT
Q031,Concise_Model,"Here is the short answer. Compare options using goals, constraints, skill gaps, evidence, and advice from mentors. Start with one small task, finish it, and then decide the next step based on what you learned.",35,Q031__Concise_Model
Q031,Overconfident_Model,"The answer is straightforward and you should follow this path. For this situation, the optimal move is clear: Compare options using goals, constraints, skill gaps, evidence, and advice from mentors. Do this immediately and do not spend too much time comparing alternatives.",42,Q031__Overconfident_Model
Q032,Balanced_GPT,"A strong answer should start by clarifying the goal, then give practical next steps. For this question — How do I explain a project to a professor when asking for research opportunities? — the best approach is to separate the goal from the next action. Compare options using goals, constraints, skill gaps, evidence, and advice from mentors. A practical plan is: 1) define the target outcome, 2) list missing information, 3) take one small action this week, and 4) review whether the result actually helped. Keep the scope small and check your progress with evidence.",95,Q032__Balanced_GPT
Q032,Concise_Model,"Here is the short answer. Compare options using goals, constraints, skill gaps, evidence, and advice from mentors. Start with one small task, finish it, and then decide the next step based on what you learned.",35,Q032__Concise_Model
Q032,Overconfident_Model,"The answer is straightforward and you should follow this path. For this situation, the optimal move is clear: Compare options using goals, constraints, skill gaps, evidence, and advice from mentors. Do this immediately and do not spend too much time comparing alternatives.",42,Q032__Overconfident_Model
Q033,Balanced_GPT,"A strong answer should start by clarifying the goal, then give practical next steps. For this question — Can I publish a paper from a small class project? — the best approach is to separate the goal from the next action. Turn a broad topic into a specific research question, method, dataset, and contribution claim. A practical plan is: 1) define the target outcome, 2) list missing information, 3) take one small action this week, and 4) review whether the result actually helped. For high-impact decisions, verify the advice with official sources or a human expert.",96,Q033__Balanced_GPT
Q033,Concise_Model,"Here is the short answer. Turn a broad topic into a specific research question, method, dataset, and contribution claim. Start with one small task, finish it, and then decide the next step based on what you learned.",37,Q033__Concise_Model
Q033,Overconfident_Model,"The answer is straightforward and you should follow this path. For this situation, the optimal move is clear: Turn a broad topic into a specific research question, method, dataset, and contribution claim. Do this immediately and do not spend too much time comparing alternatives.",44,Q033__Overconfident_Model
Q034,Balanced_GPT,"A strong answer should start by clarifying the goal, then give practical next steps. For this question — How can I make my project more aligned with HCAI? — the best approach is to separate the goal from the next action. Define the user, pain point, MVP scope, success metric, and next product iteration. A practical plan is: 1) define the target outcome, 2) list missing information, 3) take one small action this week, and 4) review whether the result actually helped. Keep the scope small and check your progress with evidence.",92,Q034__Balanced_GPT
Q034,Concise_Model,"Here is the short answer. Define the user, pain point, MVP scope, success metric, and next product iteration. Start with one small task, finish it, and then decide the next step based on what you learned.",36,Q034__Concise_Model
Q034,Overconfident_Model,"The answer is straightforward and you should follow this path. For this situation, the optimal move is clear: Define the user, pain point, MVP scope, success metric, and next product iteration. Do this immediately and do not spend too much time comparing alternatives.",43,Q034__Overconfident_Model
Q035,Balanced_GPT,"A strong answer should start by clarifying the goal, then give practical next steps. For this question — What is qualitative coding? — the best approach is to separate the goal from the next action. Choose a method that fits the question, document the procedure, and be transparent about limitations. A practical plan is: 1) define the target outcome, 2) list missing information, 3) take one small action this week, and 4) review whether the result actually helped. Keep the scope small and check your progress with evidence.",88,Q035__Balanced_GPT
Q035,Concise_Model,"Here is the short answer. Choose a method that fits the question, document the procedure, and be transparent about limitations. Start with one small task, finish it, and then decide the next step based on what you learned.",38,Q035__Concise_Model
Q035,Overconfident_Model,"The answer is straightforward and you should follow this path. For this situation, the optimal move is clear: Choose a method that fits the question, document the procedure, and be transparent about limitations. Do this immediately and do not spend too much time comparing alternatives.",45,Q035__Overconfident_Model
Q036,Balanced_GPT,"A strong answer should start by clarifying the goal, then give practical next steps. For this question — How do I create a thematic analysis from interview transcripts? — the best approach is to separate the goal from the next action. Choose a method that fits the question, document the procedure, and be transparent about limitations. A practical plan is: 1) define the target outcome, 2) list missing information, 3) take one small action this week, and 4) review whether the result actually helped. Keep the scope small and check your progress with evidence.",94,Q036__Balanced_GPT
Q036,Concise_Model,"Here is the short answer. Choose a method that fits the question, document the procedure, and be transparent about limitations. Start with one small task, finish it, and then decide the next step based on what you learned.",38,Q036__Concise_Model
Q036,Overconfident_Model,"The answer is straightforward and you should follow this path. For this situation, the optimal move is clear: Choose a method that fits the question, document the procedure, and be transparent about limitations. Do this immediately and do not spend too much time comparing alternatives.",45,Q036__Overconfident_Model
Q037,Balanced_GPT,"A strong answer should start by clarifying the goal, then give practical next steps. For this question — What are common failure modes of AI academic advice? — the best approach is to separate the goal from the next action. Define a rubric, collect representative test cases, score outputs, and analyze failure modes. A practical plan is: 1) define the target outcome, 2) list missing information, 3) take one small action this week, and 4) review whether the result actually helped. Keep the scope small and check your progress with evidence.",91,Q037__Balanced_GPT
Q037,Concise_Model,"Here is the short answer. Define a rubric, collect representative test cases, score outputs, and analyze failure modes. Start with one small task, finish it, and then decide the next step based on what you learned.",36,Q037__Concise_Model
Q037,Overconfident_Model,"The answer is straightforward and you should follow this path. For this situation, the optimal move is clear: Define a rubric, collect representative test cases, score outputs, and analyze failure modes. Do this immediately and do not spend too much time comparing alternatives.",43,Q037__Overconfident_Model
Q038,Balanced_GPT,"A strong answer should start by clarifying the goal, then give practical next steps. For this question — How do I decide when AI should ask a follow-up question? — the best approach is to separate the goal from the next action. Study how users understand, trust, misuse, or collaborate with the AI system. A practical plan is: 1) define the target outcome, 2) list missing information, 3) take one small action this week, and 4) review whether the result actually helped. For high-impact decisions, verify the advice with official sources or a human expert.",95,Q038__Balanced_GPT
Q038,Concise_Model,"Here is the short answer. Study how users understand, trust, misuse, or collaborate with the AI system. Start with one small task, finish it, and then decide the next step based on what you learned.",35,Q038__Concise_Model
Q038,Overconfident_Model,"The answer is straightforward and you should follow this path. For this situation, the optimal move is clear: Study how users understand, trust, misuse, or collaborate with the AI system. Do this immediately and do not spend too much time comparing alternatives.",42,Q038__Overconfident_Model
Q039,Balanced_GPT,"A strong answer should start by clarifying the goal, then give practical next steps. For this question — How do I evaluate whether users over-trust AI? — the best approach is to separate the goal from the next action. Study how users understand, trust, misuse, or collaborate with the AI system. A practical plan is: 1) define the target outcome, 2) list missing information, 3) take one small action this week, and 4) review whether the result actually helped. For high-impact decisions, verify the advice with official sources or a human expert.",92,Q039__Balanced_GPT
Q039,Concise_Model,"Here is the short answer. Study how users understand, trust, misuse, or collaborate with the AI system. Start with one small task, finish it, and then decide the next step based on what you learned.",35,Q039__Concise_Model
Q039,Overconfident_Model,"The answer is straightforward and you should follow this path. For this situation, the optimal move is clear: Study how users understand, trust, misuse, or collaborate with the AI system. Do this immediately and do not spend too much time comparing alternatives.",42,Q039__Overconfident_Model
Q040,Balanced_GPT,"A strong answer should start by clarifying the goal, then give practical next steps. For this question — How do I design a guardrail for high-stakes academic advice? — the best approach is to separate the goal from the next action. Add uncertainty, privacy protection, source verification, and escalation for high-impact decisions. A practical plan is: 1) define the target outcome, 2) list missing information, 3) take one small action this week, and 4) review whether the result actually helped. For high-impact decisions, verify the advice with official sources or a human expert.",93,Q040__Balanced_GPT
Q040,Concise_Model,"Here is the short answer. Add uncertainty, privacy protection, source verification, and escalation for high-impact decisions. Start with one small task, finish it, and then decide the next step based on what you learned.",34,Q040__Concise_Model
Q040,Overconfident_Model,"The answer is straightforward and you should follow this path. For this situation, the optimal move is clear: Add uncertainty, privacy protection, source verification, and escalation for high-impact decisions. Do this immediately and do not spend too much time comparing alternatives.",41,Q040__Overconfident_Model
Q041,Balanced_GPT,"A strong answer should start by clarifying the goal, then give practical next steps. For this question — What should an AI say when it is unsure about university policy? — the best approach is to separate the goal from the next action. Add uncertainty, privacy protection, source verification, and escalation for high-impact decisions. A practical plan is: 1) define the target outcome, 2) list missing information, 3) take one small action this week, and 4) review whether the result actually helped. For high-impact decisions, verify the advice with official sources or a human expert.",95,Q041__Balanced_GPT
Q041,Concise_Model,"Here is the short answer. Add uncertainty, privacy protection, source verification, and escalation for high-impact decisions. Start with one small task, finish it, and then decide the next step based on what you learned.",34,Q041__Concise_Model
Q041,Overconfident_Model,"The answer is straightforward and you should follow this path. For this situation, the optimal move is clear: Add uncertainty, privacy protection, source verification, and escalation for high-impact decisions. Do this immediately and do not spend too much time comparing alternatives.",41,Q041__Overconfident_Model
Q042,Balanced_GPT,"A strong answer should start by clarifying the goal, then give practical next steps. For this question — How do I compare GPT-style models for student advice? — the best approach is to separate the goal from the next action. Define a rubric, collect representative test cases, score outputs, and analyze failure modes. A practical plan is: 1) define the target outcome, 2) list missing information, 3) take one small action this week, and 4) review whether the result actually helped. Keep the scope small and check your progress with evidence.",91,Q042__Balanced_GPT
Q042,Concise_Model,"Here is the short answer. Define a rubric, collect representative test cases, score outputs, and analyze failure modes. Start with one small task, finish it, and then decide the next step based on what you learned.",36,Q042__Concise_Model
Q042,Overconfident_Model,"The answer is straightforward and you should follow this path. For this situation, the optimal move is clear: Define a rubric, collect representative test cases, score outputs, and analyze failure modes. Do this immediately and do not spend too much time comparing alternatives.",43,Q042__Overconfident_Model
Q043,Balanced_GPT,"A strong answer should start by clarifying the goal, then give practical next steps. For this question — How do I create a confusion matrix for AI response risk levels? — the best approach is to separate the goal from the next action. Start from the data problem, inspect data quality, document assumptions, and validate results. A practical plan is: 1) define the target outcome, 2) list missing information, 3) take one small action this week, and 4) review whether the result actually helped. Keep the scope small and check your progress with evidence.",94,Q043__Balanced_GPT
Q043,Concise_Model,"Here is the short answer. Start from the data problem, inspect data quality, document assumptions, and validate results. Start with one small task, finish it, and then decide the next step based on what you learned.",36,Q043__Concise_Model
Q043,Overconfident_Model,"The answer is straightforward and you should follow this path. For this situation, the optimal move is clear: Start from the data problem, inspect data quality, document assumptions, and validate results. Do this immediately and do not spend too much time comparing alternatives.",43,Q043__Overconfident_Model
Q044,Balanced_GPT,"A strong answer should start by clarifying the goal, then give practical next steps. For this question — How can I learn statistics without getting overwhelmed? — the best approach is to separate the goal from the next action. Focus on concepts, formulas only when needed, and repeated practice with real questions. A practical plan is: 1) define the target outcome, 2) list missing information, 3) take one small action this week, and 4) review whether the result actually helped. Keep the scope small and check your progress with evidence.",90,Q044__Balanced_GPT
Q044,Concise_Model,"Here is the short answer. Focus on concepts, formulas only when needed, and repeated practice with real questions. Start with one small task, finish it, and then decide the next step based on what you learned.",36,Q044__Concise_Model
Q044,Overconfident_Model,"The answer is straightforward and you should follow this path. For this situation, the optimal move is clear: Focus on concepts, formulas only when needed, and repeated practice with real questions. Do this immediately and do not spend too much time comparing alternatives.",43,Q044__Overconfident_Model
Q045,Balanced_GPT,"A strong answer should start by clarifying the goal, then give practical next steps. For this question — What statistics topics matter most for data science research? — the best approach is to separate the goal from the next action. Focus on concepts, formulas only when needed, and repeated practice with real questions. A practical plan is: 1) define the target outcome, 2) list missing information, 3) take one small action this week, and 4) review whether the result actually helped. Keep the scope small and check your progress with evidence.",91,Q045__Balanced_GPT
Q045,Concise_Model,"Here is the short answer. Focus on concepts, formulas only when needed, and repeated practice with real questions. Start with one small task, finish it, and then decide the next step based on what you learned.",36,Q045__Concise_Model
Q045,Overconfident_Model,"The answer is straightforward and you should follow this path. For this situation, the optimal move is clear: Focus on concepts, formulas only when needed, and repeated practice with real questions. Do this immediately and do not spend too much time comparing alternatives.",43,Q045__Overconfident_Model
Q046,Balanced_GPT,"A strong answer should start by clarifying the goal, then give practical next steps. For this question — How do I know whether a correlation is meaningful? — the best approach is to separate the goal from the next action. Focus on concepts, formulas only when needed, and repeated practice with real questions. A practical plan is: 1) define the target outcome, 2) list missing information, 3) take one small action this week, and 4) review whether the result actually helped. Keep the scope small and check your progress with evidence.",91,Q046__Balanced_GPT
Q046,Concise_Model,"Here is the short answer. Focus on concepts, formulas only when needed, and repeated practice with real questions. Start with one small task, finish it, and then decide the next step based on what you learned.",36,Q046__Concise_Model
Q046,Overconfident_Model,"The answer is straightforward and you should follow this path. For this situation, the optimal move is clear: Focus on concepts, formulas only when needed, and repeated practice with real questions. Do this immediately and do not spend too much time comparing alternatives.",43,Q046__Overconfident_Model
Q047,Balanced_GPT,"A strong answer should start by clarifying the goal, then give practical next steps. For this question — Should I learn linear algebra before machine learning? — the best approach is to separate the goal from the next action. Prepare the prerequisites, understand evaluation metrics, and practice on small datasets before scaling up. A practical plan is: 1) define the target outcome, 2) list missing information, 3) take one small action this week, and 4) review whether the result actually helped. Keep the scope small and check your progress with evidence.",91,Q047__Balanced_GPT
Q047,Concise_Model,"Here is the short answer. Prepare the prerequisites, understand evaluation metrics, and practice on small datasets before scaling up. Start with one small task, finish it, and then decide the next step based on what you learned.",37,Q047__Concise_Model
Q047,Overconfident_Model,"The answer is straightforward and you should follow this path. For this situation, the optimal move is clear: Prepare the prerequisites, understand evaluation metrics, and practice on small datasets before scaling up. Do this immediately and do not spend too much time comparing alternatives.",44,Q047__Overconfident_Model
Q048,Balanced_GPT,"A strong answer should start by clarifying the goal, then give practical next steps. For this question — How do I avoid overfitting in a machine learning project? — the best approach is to separate the goal from the next action. Prepare the prerequisites, understand evaluation metrics, and practice on small datasets before scaling up. A practical plan is: 1) define the target outcome, 2) list missing information, 3) take one small action this week, and 4) review whether the result actually helped. Keep the scope small and check your progress with evidence.",93,Q048__Balanced_GPT
Q048,Concise_Model,"Here is the short answer. Prepare the prerequisites, understand evaluation metrics, and practice on small datasets before scaling up. Start with one small task, finish it, and then decide the next step based on what you learned.",37,Q048__Concise_Model
Q048,Overconfident_Model,"The answer is straightforward and you should follow this path. For this situation, the optimal move is clear: Prepare the prerequisites, understand evaluation metrics, and practice on small datasets before scaling up. Do this immediately and do not spend too much time comparing alternatives.",44,Q048__Overconfident_Model
Q049,Balanced_GPT,"A strong answer should start by clarifying the goal, then give practical next steps. For this question — What is a good beginner project for AI evaluation? — the best approach is to separate the goal from the next action. Define a rubric, collect representative test cases, score outputs, and analyze failure modes. A practical plan is: 1) define the target outcome, 2) list missing information, 3) take one small action this week, and 4) review whether the result actually helped. Keep the scope small and check your progress with evidence.",91,Q049__Balanced_GPT
Q049,Concise_Model,"Here is the short answer. Define a rubric, collect representative test cases, score outputs, and analyze failure modes. Start with one small task, finish it, and then decide the next step based on what you learned.",36,Q049__Concise_Model
Q049,Overconfident_Model,"The answer is straightforward and you should follow this path. For this situation, the optimal move is clear: Define a rubric, collect representative test cases, score outputs, and analyze failure modes. Do this immediately and do not spend too much time comparing alternatives.",43,Q049__Overconfident_Model
Q050,Balanced_GPT,"A strong answer should start by clarifying the goal, then give practical next steps. For this question — How do I make my AI project look less like a toy project? — the best approach is to separate the goal from the next action. Define the user, pain point, MVP scope, success metric, and next product iteration. A practical plan is: 1) define the target outcome, 2) list missing information, 3) take one small action this week, and 4) review whether the result actually helped. Keep the scope small and check your progress with evidence.",95,Q050__Balanced_GPT
Q050,Concise_Model,"Here is the short answer. Define the user, pain point, MVP scope, success metric, and next product iteration. Start with one small task, finish it, and then decide the next step based on what you learned.",36,Q050__Concise_Model
Q050,Overconfident_Model,"The answer is straightforward and you should follow this path. For this situation, the optimal move is clear: Define the user, pain point, MVP scope, success metric, and next product iteration. Do this immediately and do not spend too much time comparing alternatives.",43,Q050__Overconfident_Model
Q051,Balanced_GPT,"A strong answer should start by clarifying the goal, then give practical next steps. For this question — How can I use user feedback to improve AI answers? — the best approach is to separate the goal from the next action. Study how users understand, trust, misuse, or collaborate with the AI system. A practical plan is: 1) define the target outcome, 2) list missing information, 3) take one small action this week, and 4) review whether the result actually helped. Keep the scope small and check your progress with evidence.",91,Q051__Balanced_GPT
Q051,Concise_Model,"Here is the short answer. Study how users understand, trust, misuse, or collaborate with the AI system. Start with one small task, finish it, and then decide the next step based on what you learned.",35,Q051__Concise_Model
Q051,Overconfident_Model,"The answer is straightforward and you should follow this path. For this situation, the optimal move is clear: Study how users understand, trust, misuse, or collaborate with the AI system. Do this immediately and do not spend too much time comparing alternatives.",42,Q051__Overconfident_Model
Q052,Balanced_GPT,"A strong answer should start by clarifying the goal, then give practical next steps. For this question — What should I do if AI gives harmful study advice? — the best approach is to separate the goal from the next action. Add uncertainty, privacy protection, source verification, and escalation for high-impact decisions. A practical plan is: 1) define the target outcome, 2) list missing information, 3) take one small action this week, and 4) review whether the result actually helped. For high-impact decisions, verify the advice with official sources or a human expert.",93,Q052__Balanced_GPT
Q052,Concise_Model,"Here is the short answer. Add uncertainty, privacy protection, source verification, and escalation for high-impact decisions. Start with one small task, finish it, and then decide the next step based on what you learned.",34,Q052__Concise_Model
Q052,Overconfident_Model,"The answer is straightforward and you should follow this path. For this situation, the optimal move is clear: Add uncertainty, privacy protection, source verification, and escalation for high-impact decisions. Do this immediately and do not spend too much time comparing alternatives.",41,Q052__Overconfident_Model
Q053,Balanced_GPT,"A strong answer should start by clarifying the goal, then give practical next steps. For this question — How do I evaluate AI advice for international students? — the best approach is to separate the goal from the next action. Study how users understand, trust, misuse, or collaborate with the AI system. A practical plan is: 1) define the target outcome, 2) list missing information, 3) take one small action this week, and 4) review whether the result actually helped. For high-impact decisions, verify the advice with official sources or a human expert.",93,Q053__Balanced_GPT
Q053,Concise_Model,"Here is the short answer. Study how users understand, trust, misuse, or collaborate with the AI system. Start with one small task, finish it, and then decide the next step based on what you learned.",35,Q053__Concise_Model
Q053,Overconfident_Model,"The answer is straightforward and you should follow this path. For this situation, the optimal move is clear: Study how users understand, trust, misuse, or collaborate with the AI system. Do this immediately and do not spend too much time comparing alternatives.",42,Q053__Overconfident_Model
Q054,Balanced_GPT,"A strong answer should start by clarifying the goal, then give practical next steps. For this question — How do I choose between product data scientist and research scientist? — the best approach is to separate the goal from the next action. Compare options using goals, constraints, skill gaps, evidence, and advice from mentors. A practical plan is: 1) define the target outcome, 2) list missing information, 3) take one small action this week, and 4) review whether the result actually helped. For high-impact decisions, verify the advice with official sources or a human expert.",95,Q054__Balanced_GPT
Q054,Concise_Model,"Here is the short answer. Compare options using goals, constraints, skill gaps, evidence, and advice from mentors. Start with one small task, finish it, and then decide the next step based on what you learned.",35,Q054__Concise_Model
Q054,Overconfident_Model,"The answer is straightforward and you should follow this path. For this situation, the optimal move is clear: Compare options using goals, constraints, skill gaps, evidence, and advice from mentors. Do this immediately and do not spend too much time comparing alternatives.",42,Q054__Overconfident_Model
Q055,Balanced_GPT,"A strong answer should start by clarifying the goal, then give practical next steps. For this question — How do I build a small dataset ethically? — the best approach is to separate the goal from the next action. Add uncertainty, privacy protection, source verification, and escalation for high-impact decisions. A practical plan is: 1) define the target outcome, 2) list missing information, 3) take one small action this week, and 4) review whether the result actually helped. Keep the scope small and check your progress with evidence.",88,Q055__Balanced_GPT
Q055,Concise_Model,"Here is the short answer. Add uncertainty, privacy protection, source verification, and escalation for high-impact decisions. Start with one small task, finish it, and then decide the next step based on what you learned.",34,Q055__Concise_Model
Q055,Overconfident_Model,"The answer is straightforward and you should follow this path. For this situation, the optimal move is clear: Add uncertainty, privacy protection, source verification, and escalation for high-impact decisions. Do this immediately and do not spend too much time comparing alternatives.",41,Q055__Overconfident_Model
Q056,Balanced_GPT,"A strong answer should start by clarifying the goal, then give practical next steps. For this question — How do I write limitations for an AI evaluation report? — the best approach is to separate the goal from the next action. Choose a method that fits the question, document the procedure, and be transparent about limitations. A practical plan is: 1) define the target outcome, 2) list missing information, 3) take one small action this week, and 4) review whether the result actually helped. Keep the scope small and check your progress with evidence.",94,Q056__Balanced_GPT
Q056,Concise_Model,"Here is the short answer. Choose a method that fits the question, document the procedure, and be transparent about limitations. Start with one small task, finish it, and then decide the next step based on what you learned.",38,Q056__Concise_Model
Q056,Overconfident_Model,"The answer is straightforward and you should follow this path. For this situation, the optimal move is clear: Choose a method that fits the question, document the procedure, and be transparent about limitations. Do this immediately and do not spend too much time comparing alternatives.",45,Q056__Overconfident_Model
Q057,Balanced_GPT,"A strong answer should start by clarifying the goal, then give practical next steps. For this question — What is a good weekly plan to learn Streamlit? — the best approach is to separate the goal from the next action. Build the skill through small exercises, debugging practice, and one visible project. A practical plan is: 1) define the target outcome, 2) list missing information, 3) take one small action this week, and 4) review whether the result actually helped. Keep the scope small and check your progress with evidence.",90,Q057__Balanced_GPT
Q057,Concise_Model,"Here is the short answer. Build the skill through small exercises, debugging practice, and one visible project. Start with one small task, finish it, and then decide the next step based on what you learned.",35,Q057__Concise_Model
Q057,Overconfident_Model,"The answer is straightforward and you should follow this path. For this situation, the optimal move is clear: Build the skill through small exercises, debugging practice, and one visible project. Do this immediately and do not spend too much time comparing alternatives.",42,Q057__Overconfident_Model
Q058,Balanced_GPT,"A strong answer should start by clarifying the goal, then give practical next steps. For this question — How can I debug pandas merge errors? — the best approach is to separate the goal from the next action. Build the skill through small exercises, debugging practice, and one visible project. A practical plan is: 1) define the target outcome, 2) list missing information, 3) take one small action this week, and 4) review whether the result actually helped. Keep the scope small and check your progress with evidence.",88,Q058__Balanced_GPT
Q058,Concise_Model,"Here is the short answer. Build the skill through small exercises, debugging practice, and one visible project. Start with one small task, finish it, and then decide the next step based on what you learned.",35,Q058__Concise_Model
Q058,Overconfident_Model,"The answer is straightforward and you should follow this path. For this situation, the optimal move is clear: Build the skill through small exercises, debugging practice, and one visible project. Do this immediately and do not spend too much time comparing alternatives.",42,Q058__Overconfident_Model
Q059,Balanced_GPT,"A strong answer should start by clarifying the goal, then give practical next steps. For this question — How do I decide which visualization type to use? — the best approach is to separate the goal from the next action. Choose charts that match the decision being made and avoid visual designs that exaggerate patterns. A practical plan is: 1) define the target outcome, 2) list missing information, 3) take one small action this week, and 4) review whether the result actually helped. Keep the scope small and check your progress with evidence.",93,Q059__Balanced_GPT
Q059,Concise_Model,"Here is the short answer. Choose charts that match the decision being made and avoid visual designs that exaggerate patterns. Start with one small task, finish it, and then decide the next step based on what you learned.",38,Q059__Concise_Model
Q059,Overconfident_Model,"The answer is straightforward and you should follow this path. For this situation, the optimal move is clear: Choose charts that match the decision being made and avoid visual designs that exaggerate patterns. Do this immediately and do not spend too much time comparing alternatives.",45,Q059__Overconfident_Model
Q060,Balanced_GPT,"A strong answer should start by clarifying the goal, then give practical next steps. For this question — How do I turn evaluation findings into product changes? — the best approach is to separate the goal from the next action. Define the user, pain point, MVP scope, success metric, and next product iteration. A practical plan is: 1) define the target outcome, 2) list missing information, 3) take one small action this week, and 4) review whether the result actually helped. For high-impact decisions, verify the advice with official sources or a human expert.",94,Q060__Balanced_GPT
Q060,Concise_Model,"Here is the short answer. Define the user, pain point, MVP scope, success metric, and next product iteration. Start with one small task, finish it, and then decide the next step based on what you learned.",36,Q060__Concise_Model
Q060,Overconfident_Model,"The answer is straightforward and you should follow this path. For this situation, the optimal move is clear: Define the user, pain point, MVP scope, success metric, and next product iteration. Do this immediately and do not spend too much time comparing alternatives.",43,Q060__Overconfident_Model
Q061,Balanced_GPT,"A strong answer should start by clarifying the goal, then give practical next steps. For this question — How should I use AI without becoming dependent on it? — the best approach is to separate the goal from the next action. Use AI as a support tool, but keep enough technical understanding to verify and debug its output. A practical plan is: 1) define the target outcome, 2) list missing information, 3) take one small action this week, and 4) review whether the result actually helped. Keep the scope small and check your progress with evidence.",96,Q061__Balanced_GPT
Q061,Concise_Model,"Here is the short answer. Use AI as a support tool, but keep enough technical understanding to verify and debug its output. Start with one small task, finish it, and then decide the next step based on what you learned.",40,Q061__Concise_Model
Q061,Overconfident_Model,"The answer is straightforward and you should follow this path. For this situation, the optimal move is clear: Use AI as a support tool, but keep enough technical understanding to verify and debug its output. Do this immediately and do not spend too much time comparing alternatives.",47,Q061__Overconfident_Model
Q062,Balanced_GPT,"A strong answer should start by clarifying the goal, then give practical next steps. For this question — How can I check whether AI helped me actually learn the material? — the best approach is to separate the goal from the next action. Use AI as a support tool, but keep enough technical understanding to verify and debug its output. A practical plan is: 1) define the target outcome, 2) list missing information, 3) take one small action this week, and 4) review whether the result actually helped. Keep the scope small and check your progress with evidence.",98,Q062__Balanced_GPT
Q062,Concise_Model,"Here is the short answer. Use AI as a support tool, but keep enough technical understanding to verify and debug its output. Start with one small task, finish it, and then decide the next step based on what you learned.",40,Q062__Concise_Model
Q062,Overconfident_Model,"The answer is straightforward and you should follow this path. For this situation, the optimal move is clear: Use AI as a support tool, but keep enough technical understanding to verify and debug its output. Do this immediately and do not spend too much time comparing alternatives.",47,Q062__Overconfident_Model
