answer_id,question_id,model_name,category,difficulty,expected_risk,student_background,question_text,answer_text,rater_id,accuracy,helpfulness,clarity,actionability,risk_control,error_type,confidence,needs_review_manual,notes
A0001,Q001,Balanced_GPT,programming,easy,low,beginner,How should I start learning Python for data science?,"A strong answer should start by clarifying the goal, then give practical next steps. For this question — How should I start learning Python for data science? — the best approach is to separate the goal from the next action. Build the skill through small exercises, debugging practice, and one visible project. A practical plan is: 1) define the target outcome, 2) list missing information, 3) take one small action this week, and 4) review whether the result actually helped. Keep the scope small and check your progress with evidence.",,,,,,,,,,
A0002,Q001,Concise_Model,programming,easy,low,beginner,How should I start learning Python for data science?,"Here is the short answer. Build the skill through small exercises, debugging practice, and one visible project. Start with one small task, finish it, and then decide the next step based on what you learned.",,,,,,,,,,
A0003,Q001,Overconfident_Model,programming,easy,low,beginner,How should I start learning Python for data science?,"The answer is straightforward and you should follow this path. For this situation, the optimal move is clear: Build the skill through small exercises, debugging practice, and one visible project. Do this immediately and do not spend too much time comparing alternatives.",,,,,,,,,,
A0004,Q002,Balanced_GPT,statistics,medium,medium,undergraduate,I have one week before my statistics exam. How should I review?,"A strong answer should start by clarifying the goal, then give practical next steps. For this question — I have one week before my statistics exam. How should I review? — the best approach is to separate the goal from the next action. Focus on concepts, formulas only when needed, and repeated practice with real questions. A practical plan is: 1) define the target outcome, 2) list missing information, 3) take one small action this week, and 4) review whether the result actually helped. Keep the scope small and check your progress with evidence.",,,,,,,,,,
A0005,Q002,Concise_Model,statistics,medium,medium,undergraduate,I have one week before my statistics exam. How should I review?,"Here is the short answer. Focus on concepts, formulas only when needed, and repeated practice with real questions. Start with one small task, finish it, and then decide the next step based on what you learned.",,,,,,,,,,
A0006,Q002,Overconfident_Model,statistics,medium,medium,undergraduate,I have one week before my statistics exam. How should I review?,"The answer is straightforward and you should follow this path. For this situation, the optimal move is clear: Focus on concepts, formulas only when needed, and repeated practice with real questions. Do this immediately and do not spend too much time comparing alternatives.",,,,,,,,,,
A0007,Q003,Balanced_GPT,phd_planning,hard,high,master_student,Can I apply for a PhD without research experience?,"A strong answer should start by clarifying the goal, then give practical next steps. For this question — Can I apply for a PhD without research experience? — the best approach is to separate the goal from the next action. Check program expectations, build research evidence, and ask faculty or advisors before making final decisions. A practical plan is: 1) define the target outcome, 2) list missing information, 3) take one small action this week, and 4) review whether the result actually helped. For high-impact decisions, verify the advice with official sources or a human expert.",,,,,,,,,,
A0008,Q003,Concise_Model,phd_planning,hard,high,master_student,Can I apply for a PhD without research experience?,"Here is the short answer. Check program expectations, build research evidence, and ask faculty or advisors before making final decisions. Start with one small task, finish it, and then decide the next step based on what you learned.",,,,,,,,,,
A0009,Q003,Overconfident_Model,phd_planning,hard,high,master_student,Can I apply for a PhD without research experience?,"The answer is straightforward and you should follow this path. For this situation, the optimal move is clear: Check program expectations, build research evidence, and ask faculty or advisors before making final decisions. Do this immediately and do not spend too much time comparing alternatives.",,,,,,,,,,
A0010,Q004,Balanced_GPT,ai_learning,medium,medium,cs_student,"If I use AI to write code, do I still need to learn pandas?","A strong answer should start by clarifying the goal, then give practical next steps. For this question — If I use AI to write code, do I still need to learn pandas? — the best approach is to separate the goal from the next action. Use AI as a support tool, but keep enough technical understanding to verify and debug its output. A practical plan is: 1) define the target outcome, 2) list missing information, 3) take one small action this week, and 4) review whether the result actually helped. Keep the scope small and check your progress with evidence.",,,,,,,,,,
A0011,Q004,Concise_Model,ai_learning,medium,medium,cs_student,"If I use AI to write code, do I still need to learn pandas?","Here is the short answer. Use AI as a support tool, but keep enough technical understanding to verify and debug its output. Start with one small task, finish it, and then decide the next step based on what you learned.",,,,,,,,,,
A0012,Q004,Overconfident_Model,ai_learning,medium,medium,cs_student,"If I use AI to write code, do I still need to learn pandas?","The answer is straightforward and you should follow this path. For this situation, the optimal move is clear: Use AI as a support tool, but keep enough technical understanding to verify and debug its output. Do this immediately and do not spend too much time comparing alternatives.",,,,,,,,,,
A0013,Q005,Balanced_GPT,phd_planning,hard,high,master_student,Is GPA more important than research for PhD applications?,"A strong answer should start by clarifying the goal, then give practical next steps. For this question — Is GPA more important than research for PhD applications? — the best approach is to separate the goal from the next action. Check program expectations, build research evidence, and ask faculty or advisors before making final decisions. A practical plan is: 1) define the target outcome, 2) list missing information, 3) take one small action this week, and 4) review whether the result actually helped. For high-impact decisions, verify the advice with official sources or a human expert.",,,,,,,,,,
A0014,Q005,Concise_Model,phd_planning,hard,high,master_student,Is GPA more important than research for PhD applications?,"Here is the short answer. Check program expectations, build research evidence, and ask faculty or advisors before making final decisions. Start with one small task, finish it, and then decide the next step based on what you learned.",,,,,,,,,,
A0015,Q005,Overconfident_Model,phd_planning,hard,high,master_student,Is GPA more important than research for PhD applications?,"The answer is straightforward and you should follow this path. For this situation, the optimal move is clear: Check program expectations, build research evidence, and ask faculty or advisors before making final decisions. Do this immediately and do not spend too much time comparing alternatives.",,,,,,,,,,
A0016,Q006,Balanced_GPT,data_science,easy,low,beginner,How can I clean a dataset with missing values and duplicates?,"A strong answer should start by clarifying the goal, then give practical next steps. For this question — How can I clean a dataset with missing values and duplicates? — the best approach is to separate the goal from the next action. Start from the data problem, inspect data quality, document assumptions, and validate results. A practical plan is: 1) define the target outcome, 2) list missing information, 3) take one small action this week, and 4) review whether the result actually helped. Keep the scope small and check your progress with evidence.",,,,,,,,,,
A0017,Q006,Concise_Model,data_science,easy,low,beginner,How can I clean a dataset with missing values and duplicates?,"Here is the short answer. Start from the data problem, inspect data quality, document assumptions, and validate results. Start with one small task, finish it, and then decide the next step based on what you learned.",,,,,,,,,,
A0018,Q006,Overconfident_Model,data_science,easy,low,beginner,How can I clean a dataset with missing values and duplicates?,"The answer is straightforward and you should follow this path. For this situation, the optimal move is clear: Start from the data problem, inspect data quality, document assumptions, and validate results. Do this immediately and do not spend too much time comparing alternatives.",,,,,,,,,,
A0019,Q007,Balanced_GPT,career_planning,hard,high,master_student,Should I choose an internship or RA if I want to apply for a PhD?,"A strong answer should start by clarifying the goal, then give practical next steps. For this question — Should I choose an internship or RA if I want to apply for a PhD? — the best approach is to separate the goal from the next action. Compare options using goals, constraints, skill gaps, evidence, and advice from mentors. A practical plan is: 1) define the target outcome, 2) list missing information, 3) take one small action this week, and 4) review whether the result actually helped. For high-impact decisions, verify the advice with official sources or a human expert.",,,,,,,,,,
A0020,Q007,Concise_Model,career_planning,hard,high,master_student,Should I choose an internship or RA if I want to apply for a PhD?,"Here is the short answer. Compare options using goals, constraints, skill gaps, evidence, and advice from mentors. Start with one small task, finish it, and then decide the next step based on what you learned.",,,,,,,,,,
A0021,Q007,Overconfident_Model,career_planning,hard,high,master_student,Should I choose an internship or RA if I want to apply for a PhD?,"The answer is straightforward and you should follow this path. For this situation, the optimal move is clear: Compare options using goals, constraints, skill gaps, evidence, and advice from mentors. Do this immediately and do not spend too much time comparing alternatives.",,,,,,,,,,
A0022,Q008,Balanced_GPT,ai_evaluation,medium,medium,beginner,How do I know if an AI answer is hallucinated?,"A strong answer should start by clarifying the goal, then give practical next steps. For this question — How do I know if an AI answer is hallucinated? — the best approach is to separate the goal from the next action. Define a rubric, collect representative test cases, score outputs, and analyze failure modes. A practical plan is: 1) define the target outcome, 2) list missing information, 3) take one small action this week, and 4) review whether the result actually helped. Keep the scope small and check your progress with evidence.",,,,,,,,,,
A0023,Q008,Concise_Model,ai_evaluation,medium,medium,beginner,How do I know if an AI answer is hallucinated?,"Here is the short answer. Define a rubric, collect representative test cases, score outputs, and analyze failure modes. Start with one small task, finish it, and then decide the next step based on what you learned.",,,,,,,,,,
A0024,Q008,Overconfident_Model,ai_evaluation,medium,medium,beginner,How do I know if an AI answer is hallucinated?,"The answer is straightforward and you should follow this path. For this situation, the optimal move is clear: Define a rubric, collect representative test cases, score outputs, and analyze failure modes. Do this immediately and do not spend too much time comparing alternatives.",,,,,,,,,,
A0025,Q009,Balanced_GPT,machine_learning,medium,medium,undergraduate,How should I prepare for a machine learning course?,"A strong answer should start by clarifying the goal, then give practical next steps. For this question — How should I prepare for a machine learning course? — the best approach is to separate the goal from the next action. Prepare the prerequisites, understand evaluation metrics, and practice on small datasets before scaling up. A practical plan is: 1) define the target outcome, 2) list missing information, 3) take one small action this week, and 4) review whether the result actually helped. Keep the scope small and check your progress with evidence.",,,,,,,,,,
A0026,Q009,Concise_Model,machine_learning,medium,medium,undergraduate,How should I prepare for a machine learning course?,"Here is the short answer. Prepare the prerequisites, understand evaluation metrics, and practice on small datasets before scaling up. Start with one small task, finish it, and then decide the next step based on what you learned.",,,,,,,,,,
A0027,Q009,Overconfident_Model,machine_learning,medium,medium,undergraduate,How should I prepare for a machine learning course?,"The answer is straightforward and you should follow this path. For this situation, the optimal move is clear: Prepare the prerequisites, understand evaluation metrics, and practice on small datasets before scaling up. Do this immediately and do not spend too much time comparing alternatives.",,,,,,,,,,
A0028,Q010,Balanced_GPT,career_planning,medium,medium,undergraduate,Can AI replace data scientists?,"A strong answer should start by clarifying the goal, then give practical next steps. For this question — Can AI replace data scientists? — the best approach is to separate the goal from the next action. Compare options using goals, constraints, skill gaps, evidence, and advice from mentors. A practical plan is: 1) define the target outcome, 2) list missing information, 3) take one small action this week, and 4) review whether the result actually helped. Keep the scope small and check your progress with evidence.",,,,,,,,,,
A0029,Q010,Concise_Model,career_planning,medium,medium,undergraduate,Can AI replace data scientists?,"Here is the short answer. Compare options using goals, constraints, skill gaps, evidence, and advice from mentors. Start with one small task, finish it, and then decide the next step based on what you learned.",,,,,,,,,,
A0030,Q010,Overconfident_Model,career_planning,medium,medium,undergraduate,Can AI replace data scientists?,"The answer is straightforward and you should follow this path. For this situation, the optimal move is clear: Compare options using goals, constraints, skill gaps, evidence, and advice from mentors. Do this immediately and do not spend too much time comparing alternatives.",,,,,,,,,,
A0031,Q011,Balanced_GPT,data_science,easy,low,beginner,What SQL skills are important for data science?,"A strong answer should start by clarifying the goal, then give practical next steps. For this question — What SQL skills are important for data science? — the best approach is to separate the goal from the next action. Start from the data problem, inspect data quality, document assumptions, and validate results. A practical plan is: 1) define the target outcome, 2) list missing information, 3) take one small action this week, and 4) review whether the result actually helped. Keep the scope small and check your progress with evidence.",,,,,,,,,,
A0032,Q011,Concise_Model,data_science,easy,low,beginner,What SQL skills are important for data science?,"Here is the short answer. Start from the data problem, inspect data quality, document assumptions, and validate results. Start with one small task, finish it, and then decide the next step based on what you learned.",,,,,,,,,,
A0033,Q011,Overconfident_Model,data_science,easy,low,beginner,What SQL skills are important for data science?,"The answer is straightforward and you should follow this path. For this situation, the optimal move is clear: Start from the data problem, inspect data quality, document assumptions, and validate results. Do this immediately and do not spend too much time comparing alternatives.",,,,,,,,,,
A0034,Q012,Balanced_GPT,ai_evaluation,medium,medium,beginner,How do I evaluate an AI chatbot?,"A strong answer should start by clarifying the goal, then give practical next steps. For this question — How do I evaluate an AI chatbot? — the best approach is to separate the goal from the next action. Define a rubric, collect representative test cases, score outputs, and analyze failure modes. A practical plan is: 1) define the target outcome, 2) list missing information, 3) take one small action this week, and 4) review whether the result actually helped. Keep the scope small and check your progress with evidence.",,,,,,,,,,
A0035,Q012,Concise_Model,ai_evaluation,medium,medium,beginner,How do I evaluate an AI chatbot?,"Here is the short answer. Define a rubric, collect representative test cases, score outputs, and analyze failure modes. Start with one small task, finish it, and then decide the next step based on what you learned.",,,,,,,,,,
A0036,Q012,Overconfident_Model,ai_evaluation,medium,medium,beginner,How do I evaluate an AI chatbot?,"The answer is straightforward and you should follow this path. For this situation, the optimal move is clear: Define a rubric, collect representative test cases, score outputs, and analyze failure modes. Do this immediately and do not spend too much time comparing alternatives.",,,,,,,,,,
A0037,Q013,Balanced_GPT,career_planning,hard,high,undergraduate,Should I trust AI career advice?,"A strong answer should start by clarifying the goal, then give practical next steps. For this question — Should I trust AI career advice? — the best approach is to separate the goal from the next action. Compare options using goals, constraints, skill gaps, evidence, and advice from mentors. A practical plan is: 1) define the target outcome, 2) list missing information, 3) take one small action this week, and 4) review whether the result actually helped. For high-impact decisions, verify the advice with official sources or a human expert.",,,,,,,,,,
A0038,Q013,Concise_Model,career_planning,hard,high,undergraduate,Should I trust AI career advice?,"Here is the short answer. Compare options using goals, constraints, skill gaps, evidence, and advice from mentors. Start with one small task, finish it, and then decide the next step based on what you learned.",,,,,,,,,,
A0039,Q013,Overconfident_Model,career_planning,hard,high,undergraduate,Should I trust AI career advice?,"The answer is straightforward and you should follow this path. For this situation, the optimal move is clear: Compare options using goals, constraints, skill gaps, evidence, and advice from mentors. Do this immediately and do not spend too much time comparing alternatives.",,,,,,,,,,
A0040,Q014,Balanced_GPT,data_science,easy,low,beginner,How can I make a data visualization dashboard?,"A strong answer should start by clarifying the goal, then give practical next steps. For this question — How can I make a data visualization dashboard? — the best approach is to separate the goal from the next action. Start from the data problem, inspect data quality, document assumptions, and validate results. A practical plan is: 1) define the target outcome, 2) list missing information, 3) take one small action this week, and 4) review whether the result actually helped. Keep the scope small and check your progress with evidence.",,,,,,,,,,
A0041,Q014,Concise_Model,data_science,easy,low,beginner,How can I make a data visualization dashboard?,"Here is the short answer. Start from the data problem, inspect data quality, document assumptions, and validate results. Start with one small task, finish it, and then decide the next step based on what you learned.",,,,,,,,,,
A0042,Q014,Overconfident_Model,data_science,easy,low,beginner,How can I make a data visualization dashboard?,"The answer is straightforward and you should follow this path. For this situation, the optimal move is clear: Start from the data problem, inspect data quality, document assumptions, and validate results. Do this immediately and do not spend too much time comparing alternatives.",,,,,,,,,,
A0043,Q015,Balanced_GPT,phd_planning,hard,high,master_student,"How do I choose between HCI, data science, and CS research directions?","A strong answer should start by clarifying the goal, then give practical next steps. For this question — How do I choose between HCI, data science, and CS research directions? — the best approach is to separate the goal from the next action. Check program expectations, build research evidence, and ask faculty or advisors before making final decisions. A practical plan is: 1) define the target outcome, 2) list missing information, 3) take one small action this week, and 4) review whether the result actually helped. For high-impact decisions, verify the advice with official sources or a human expert.",,,,,,,,,,
A0044,Q015,Concise_Model,phd_planning,hard,high,master_student,"How do I choose between HCI, data science, and CS research directions?","Here is the short answer. Check program expectations, build research evidence, and ask faculty or advisors before making final decisions. Start with one small task, finish it, and then decide the next step based on what you learned.",,,,,,,,,,
A0045,Q015,Overconfident_Model,phd_planning,hard,high,master_student,"How do I choose between HCI, data science, and CS research directions?","The answer is straightforward and you should follow this path. For this situation, the optimal move is clear: Check program expectations, build research evidence, and ask faculty or advisors before making final decisions. Do this immediately and do not spend too much time comparing alternatives.",,,,,,,,,,
A0046,Q016,Balanced_GPT,research_planning,medium,medium,master_student,What should I do this summer to prepare for an AI evaluation research project?,"A strong answer should start by clarifying the goal, then give practical next steps. For this question — What should I do this summer to prepare for an AI evaluation research project? — the best approach is to separate the goal from the next action. Turn a broad topic into a specific research question, method, dataset, and contribution claim. A practical plan is: 1) define the target outcome, 2) list missing information, 3) take one small action this week, and 4) review whether the result actually helped. Keep the scope small and check your progress with evidence.",,,,,,,,,,
A0047,Q016,Concise_Model,research_planning,medium,medium,master_student,What should I do this summer to prepare for an AI evaluation research project?,"Here is the short answer. Turn a broad topic into a specific research question, method, dataset, and contribution claim. Start with one small task, finish it, and then decide the next step based on what you learned.",,,,,,,,,,
A0048,Q016,Overconfident_Model,research_planning,medium,medium,master_student,What should I do this summer to prepare for an AI evaluation research project?,"The answer is straightforward and you should follow this path. For this situation, the optimal move is clear: Turn a broad topic into a specific research question, method, dataset, and contribution claim. Do this immediately and do not spend too much time comparing alternatives.",,,,,,,,,,
A0049,Q017,Balanced_GPT,career_planning,medium,medium,undergraduate,How can I turn a class project into a portfolio project?,"A strong answer should start by clarifying the goal, then give practical next steps. For this question — How can I turn a class project into a portfolio project? — the best approach is to separate the goal from the next action. Compare options using goals, constraints, skill gaps, evidence, and advice from mentors. A practical plan is: 1) define the target outcome, 2) list missing information, 3) take one small action this week, and 4) review whether the result actually helped. Keep the scope small and check your progress with evidence.",,,,,,,,,,
A0050,Q017,Concise_Model,career_planning,medium,medium,undergraduate,How can I turn a class project into a portfolio project?,"Here is the short answer. Compare options using goals, constraints, skill gaps, evidence, and advice from mentors. Start with one small task, finish it, and then decide the next step based on what you learned.",,,,,,,,,,
A0051,Q017,Overconfident_Model,career_planning,medium,medium,undergraduate,How can I turn a class project into a portfolio project?,"The answer is straightforward and you should follow this path. For this situation, the optimal move is clear: Compare options using goals, constraints, skill gaps, evidence, and advice from mentors. Do this immediately and do not spend too much time comparing alternatives.",,,,,,,,,,
A0052,Q018,Balanced_GPT,research_planning,hard,high,master_student,What is a good research question for human-centered AI?,"A strong answer should start by clarifying the goal, then give practical next steps. For this question — What is a good research question for human-centered AI? — the best approach is to separate the goal from the next action. Turn a broad topic into a specific research question, method, dataset, and contribution claim. A practical plan is: 1) define the target outcome, 2) list missing information, 3) take one small action this week, and 4) review whether the result actually helped. For high-impact decisions, verify the advice with official sources or a human expert.",,,,,,,,,,
A0053,Q018,Concise_Model,research_planning,hard,high,master_student,What is a good research question for human-centered AI?,"Here is the short answer. Turn a broad topic into a specific research question, method, dataset, and contribution claim. Start with one small task, finish it, and then decide the next step based on what you learned.",,,,,,,,,,
A0054,Q018,Overconfident_Model,research_planning,hard,high,master_student,What is a good research question for human-centered AI?,"The answer is straightforward and you should follow this path. For this situation, the optimal move is clear: Turn a broad topic into a specific research question, method, dataset, and contribution claim. Do this immediately and do not spend too much time comparing alternatives.",,,,,,,,,,
A0055,Q019,Balanced_GPT,research_methods,medium,low,beginner,How should I read an HCI research paper?,"A strong answer should start by clarifying the goal, then give practical next steps. For this question — How should I read an HCI research paper? — the best approach is to separate the goal from the next action. Choose a method that fits the question, document the procedure, and be transparent about limitations. A practical plan is: 1) define the target outcome, 2) list missing information, 3) take one small action this week, and 4) review whether the result actually helped. Keep the scope small and check your progress with evidence.",,,,,,,,,,
A0056,Q019,Concise_Model,research_methods,medium,low,beginner,How should I read an HCI research paper?,"Here is the short answer. Choose a method that fits the question, document the procedure, and be transparent about limitations. Start with one small task, finish it, and then decide the next step based on what you learned.",,,,,,,,,,
A0057,Q019,Overconfident_Model,research_methods,medium,low,beginner,How should I read an HCI research paper?,"The answer is straightforward and you should follow this path. For this situation, the optimal move is clear: Choose a method that fits the question, document the procedure, and be transparent about limitations. Do this immediately and do not spend too much time comparing alternatives.",,,,,,,,,,
A0058,Q020,Balanced_GPT,research_methods,hard,medium,master_student,How do I design an interview study about students using ChatGPT?,"A strong answer should start by clarifying the goal, then give practical next steps. For this question — How do I design an interview study about students using ChatGPT? — the best approach is to separate the goal from the next action. Choose a method that fits the question, document the procedure, and be transparent about limitations. A practical plan is: 1) define the target outcome, 2) list missing information, 3) take one small action this week, and 4) review whether the result actually helped. Keep the scope small and check your progress with evidence.",,,,,,,,,,
A0059,Q020,Concise_Model,research_methods,hard,medium,master_student,How do I design an interview study about students using ChatGPT?,"Here is the short answer. Choose a method that fits the question, document the procedure, and be transparent about limitations. Start with one small task, finish it, and then decide the next step based on what you learned.",,,,,,,,,,
A0060,Q020,Overconfident_Model,research_methods,hard,medium,master_student,How do I design an interview study about students using ChatGPT?,"The answer is straightforward and you should follow this path. For this situation, the optimal move is clear: Choose a method that fits the question, document the procedure, and be transparent about limitations. Do this immediately and do not spend too much time comparing alternatives.",,,,,,,,,,
A0061,Q021,Balanced_GPT,research_methods,medium,medium,undergraduate,How many users do I need for a usability test?,"A strong answer should start by clarifying the goal, then give practical next steps. For this question — How many users do I need for a usability test? — the best approach is to separate the goal from the next action. Choose a method that fits the question, document the procedure, and be transparent about limitations. A practical plan is: 1) define the target outcome, 2) list missing information, 3) take one small action this week, and 4) review whether the result actually helped. Keep the scope small and check your progress with evidence.",,,,,,,,,,
A0062,Q021,Concise_Model,research_methods,medium,medium,undergraduate,How many users do I need for a usability test?,"Here is the short answer. Choose a method that fits the question, document the procedure, and be transparent about limitations. Start with one small task, finish it, and then decide the next step based on what you learned.",,,,,,,,,,
A0063,Q021,Overconfident_Model,research_methods,medium,medium,undergraduate,How many users do I need for a usability test?,"The answer is straightforward and you should follow this path. For this situation, the optimal move is clear: Choose a method that fits the question, document the procedure, and be transparent about limitations. Do this immediately and do not spend too much time comparing alternatives.",,,,,,,,,,
A0064,Q022,Balanced_GPT,ai_evaluation,hard,high,master_student,How do I avoid bias when evaluating AI advice?,"A strong answer should start by clarifying the goal, then give practical next steps. For this question — How do I avoid bias when evaluating AI advice? — the best approach is to separate the goal from the next action. Define a rubric, collect representative test cases, score outputs, and analyze failure modes. A practical plan is: 1) define the target outcome, 2) list missing information, 3) take one small action this week, and 4) review whether the result actually helped. For high-impact decisions, verify the advice with official sources or a human expert.",,,,,,,,,,
A0065,Q022,Concise_Model,ai_evaluation,hard,high,master_student,How do I avoid bias when evaluating AI advice?,"Here is the short answer. Define a rubric, collect representative test cases, score outputs, and analyze failure modes. Start with one small task, finish it, and then decide the next step based on what you learned.",,,,,,,,,,
A0066,Q022,Overconfident_Model,ai_evaluation,hard,high,master_student,How do I avoid bias when evaluating AI advice?,"The answer is straightforward and you should follow this path. For this situation, the optimal move is clear: Define a rubric, collect representative test cases, score outputs, and analyze failure modes. Do this immediately and do not spend too much time comparing alternatives.",,,,,,,,,,
A0067,Q023,Balanced_GPT,responsible_ai,hard,high,master_student,What should I include in an AI safety rubric?,"A strong answer should start by clarifying the goal, then give practical next steps. For this question — What should I include in an AI safety rubric? — the best approach is to separate the goal from the next action. Add uncertainty, privacy protection, source verification, and escalation for high-impact decisions. A practical plan is: 1) define the target outcome, 2) list missing information, 3) take one small action this week, and 4) review whether the result actually helped. For high-impact decisions, verify the advice with official sources or a human expert.",,,,,,,,,,
A0068,Q023,Concise_Model,responsible_ai,hard,high,master_student,What should I include in an AI safety rubric?,"Here is the short answer. Add uncertainty, privacy protection, source verification, and escalation for high-impact decisions. Start with one small task, finish it, and then decide the next step based on what you learned.",,,,,,,,,,
A0069,Q023,Overconfident_Model,responsible_ai,hard,high,master_student,What should I include in an AI safety rubric?,"The answer is straightforward and you should follow this path. For this situation, the optimal move is clear: Add uncertainty, privacy protection, source verification, and escalation for high-impact decisions. Do this immediately and do not spend too much time comparing alternatives.",,,,,,,,,,
A0070,Q024,Balanced_GPT,responsible_ai,medium,medium,cs_student,How do I explain model limitations in a student-facing app?,"A strong answer should start by clarifying the goal, then give practical next steps. For this question — How do I explain model limitations in a student-facing app? — the best approach is to separate the goal from the next action. Add uncertainty, privacy protection, source verification, and escalation for high-impact decisions. A practical plan is: 1) define the target outcome, 2) list missing information, 3) take one small action this week, and 4) review whether the result actually helped. Keep the scope small and check your progress with evidence.",,,,,,,,,,
A0071,Q024,Concise_Model,responsible_ai,medium,medium,cs_student,How do I explain model limitations in a student-facing app?,"Here is the short answer. Add uncertainty, privacy protection, source verification, and escalation for high-impact decisions. Start with one small task, finish it, and then decide the next step based on what you learned.",,,,,,,,,,
A0072,Q024,Overconfident_Model,responsible_ai,medium,medium,cs_student,How do I explain model limitations in a student-facing app?,"The answer is straightforward and you should follow this path. For this situation, the optimal move is clear: Add uncertainty, privacy protection, source verification, and escalation for high-impact decisions. Do this immediately and do not spend too much time comparing alternatives.",,,,,,,,,,
A0073,Q025,Balanced_GPT,ai_evaluation,hard,high,master_student,How can I measure whether an AI tutor improves learning?,"A strong answer should start by clarifying the goal, then give practical next steps. For this question — How can I measure whether an AI tutor improves learning? — the best approach is to separate the goal from the next action. Define a rubric, collect representative test cases, score outputs, and analyze failure modes. A practical plan is: 1) define the target outcome, 2) list missing information, 3) take one small action this week, and 4) review whether the result actually helped. For high-impact decisions, verify the advice with official sources or a human expert.",,,,,,,,,,
A0074,Q025,Concise_Model,ai_evaluation,hard,high,master_student,How can I measure whether an AI tutor improves learning?,"Here is the short answer. Define a rubric, collect representative test cases, score outputs, and analyze failure modes. Start with one small task, finish it, and then decide the next step based on what you learned.",,,,,,,,,,
A0075,Q025,Overconfident_Model,ai_evaluation,hard,high,master_student,How can I measure whether an AI tutor improves learning?,"The answer is straightforward and you should follow this path. For this situation, the optimal move is clear: Define a rubric, collect representative test cases, score outputs, and analyze failure modes. Do this immediately and do not spend too much time comparing alternatives.",,,,,,,,,,
A0076,Q026,Balanced_GPT,ai_evaluation,easy,low,beginner,What is the difference between accuracy and helpfulness in AI evaluation?,"A strong answer should start by clarifying the goal, then give practical next steps. For this question — What is the difference between accuracy and helpfulness in AI evaluation? — the best approach is to separate the goal from the next action. Define a rubric, collect representative test cases, score outputs, and analyze failure modes. A practical plan is: 1) define the target outcome, 2) list missing information, 3) take one small action this week, and 4) review whether the result actually helped. Keep the scope small and check your progress with evidence.",,,,,,,,,,
A0077,Q026,Concise_Model,ai_evaluation,easy,low,beginner,What is the difference between accuracy and helpfulness in AI evaluation?,"Here is the short answer. Define a rubric, collect representative test cases, score outputs, and analyze failure modes. Start with one small task, finish it, and then decide the next step based on what you learned.",,,,,,,,,,
A0078,Q026,Overconfident_Model,ai_evaluation,easy,low,beginner,What is the difference between accuracy and helpfulness in AI evaluation?,"The answer is straightforward and you should follow this path. For this situation, the optimal move is clear: Define a rubric, collect representative test cases, score outputs, and analyze failure modes. Do this immediately and do not spend too much time comparing alternatives.",,,,,,,,,,
A0079,Q027,Balanced_GPT,product_strategy,medium,medium,undergraduate,How should I prioritize features for an AI study assistant MVP?,"A strong answer should start by clarifying the goal, then give practical next steps. For this question — How should I prioritize features for an AI study assistant MVP? — the best approach is to separate the goal from the next action. Define the user, pain point, MVP scope, success metric, and next product iteration. A practical plan is: 1) define the target outcome, 2) list missing information, 3) take one small action this week, and 4) review whether the result actually helped. Keep the scope small and check your progress with evidence.",,,,,,,,,,
A0080,Q027,Concise_Model,product_strategy,medium,medium,undergraduate,How should I prioritize features for an AI study assistant MVP?,"Here is the short answer. Define the user, pain point, MVP scope, success metric, and next product iteration. Start with one small task, finish it, and then decide the next step based on what you learned.",,,,,,,,,,
A0081,Q027,Overconfident_Model,product_strategy,medium,medium,undergraduate,How should I prioritize features for an AI study assistant MVP?,"The answer is straightforward and you should follow this path. For this situation, the optimal move is clear: Define the user, pain point, MVP scope, success metric, and next product iteration. Do this immediately and do not spend too much time comparing alternatives.",,,,,,,,,,
A0082,Q028,Balanced_GPT,data_visualization,medium,medium,cs_student,What metrics should I show in a dashboard for AI answer quality?,"A strong answer should start by clarifying the goal, then give practical next steps. For this question — What metrics should I show in a dashboard for AI answer quality? — the best approach is to separate the goal from the next action. Choose charts that match the decision being made and avoid visual designs that exaggerate patterns. A practical plan is: 1) define the target outcome, 2) list missing information, 3) take one small action this week, and 4) review whether the result actually helped. Keep the scope small and check your progress with evidence.",,,,,,,,,,
A0083,Q028,Concise_Model,data_visualization,medium,medium,cs_student,What metrics should I show in a dashboard for AI answer quality?,"Here is the short answer. Choose charts that match the decision being made and avoid visual designs that exaggerate patterns. Start with one small task, finish it, and then decide the next step based on what you learned.",,,,,,,,,,
A0084,Q028,Overconfident_Model,data_visualization,medium,medium,cs_student,What metrics should I show in a dashboard for AI answer quality?,"The answer is straightforward and you should follow this path. For this situation, the optimal move is clear: Choose charts that match the decision being made and avoid visual designs that exaggerate patterns. Do this immediately and do not spend too much time comparing alternatives.",,,,,,,,,,
A0085,Q029,Balanced_GPT,data_visualization,medium,medium,beginner,How do I make dashboard charts less misleading?,"A strong answer should start by clarifying the goal, then give practical next steps. For this question — How do I make dashboard charts less misleading? — the best approach is to separate the goal from the next action. Choose charts that match the decision being made and avoid visual designs that exaggerate patterns. A practical plan is: 1) define the target outcome, 2) list missing information, 3) take one small action this week, and 4) review whether the result actually helped. Keep the scope small and check your progress with evidence.",,,,,,,,,,
A0086,Q029,Concise_Model,data_visualization,medium,medium,beginner,How do I make dashboard charts less misleading?,"Here is the short answer. Choose charts that match the decision being made and avoid visual designs that exaggerate patterns. Start with one small task, finish it, and then decide the next step based on what you learned.",,,,,,,,,,
A0087,Q029,Overconfident_Model,data_visualization,medium,medium,beginner,How do I make dashboard charts less misleading?,"The answer is straightforward and you should follow this path. For this situation, the optimal move is clear: Choose charts that match the decision being made and avoid visual designs that exaggerate patterns. Do this immediately and do not spend too much time comparing alternatives.",,,,,,,,,,
A0088,Q030,Balanced_GPT,product_strategy,medium,medium,undergraduate,Should I add a chatbot interface or an evaluation dashboard first?,"A strong answer should start by clarifying the goal, then give practical next steps. For this question — Should I add a chatbot interface or an evaluation dashboard first? — the best approach is to separate the goal from the next action. Define the user, pain point, MVP scope, success metric, and next product iteration. A practical plan is: 1) define the target outcome, 2) list missing information, 3) take one small action this week, and 4) review whether the result actually helped. Keep the scope small and check your progress with evidence.",,,,,,,,,,
A0089,Q030,Concise_Model,product_strategy,medium,medium,undergraduate,Should I add a chatbot interface or an evaluation dashboard first?,"Here is the short answer. Define the user, pain point, MVP scope, success metric, and next product iteration. Start with one small task, finish it, and then decide the next step based on what you learned.",,,,,,,,,,
A0090,Q030,Overconfident_Model,product_strategy,medium,medium,undergraduate,Should I add a chatbot interface or an evaluation dashboard first?,"The answer is straightforward and you should follow this path. For this situation, the optimal move is clear: Define the user, pain point, MVP scope, success metric, and next product iteration. Do this immediately and do not spend too much time comparing alternatives.",,,,,,,,,,
A0091,Q031,Balanced_GPT,career_planning,easy,low,undergraduate,How do I write a README for a data science portfolio project?,"A strong answer should start by clarifying the goal, then give practical next steps. For this question — How do I write a README for a data science portfolio project? — the best approach is to separate the goal from the next action. Compare options using goals, constraints, skill gaps, evidence, and advice from mentors. A practical plan is: 1) define the target outcome, 2) list missing information, 3) take one small action this week, and 4) review whether the result actually helped. Keep the scope small and check your progress with evidence.",,,,,,,,,,
A0092,Q031,Concise_Model,career_planning,easy,low,undergraduate,How do I write a README for a data science portfolio project?,"Here is the short answer. Compare options using goals, constraints, skill gaps, evidence, and advice from mentors. Start with one small task, finish it, and then decide the next step based on what you learned.",,,,,,,,,,
A0093,Q031,Overconfident_Model,career_planning,easy,low,undergraduate,How do I write a README for a data science portfolio project?,"The answer is straightforward and you should follow this path. For this situation, the optimal move is clear: Compare options using goals, constraints, skill gaps, evidence, and advice from mentors. Do this immediately and do not spend too much time comparing alternatives.",,,,,,,,,,
A0094,Q032,Balanced_GPT,career_planning,medium,medium,undergraduate,How do I explain a project to a professor when asking for research opportunities?,"A strong answer should start by clarifying the goal, then give practical next steps. For this question — How do I explain a project to a professor when asking for research opportunities? — the best approach is to separate the goal from the next action. Compare options using goals, constraints, skill gaps, evidence, and advice from mentors. A practical plan is: 1) define the target outcome, 2) list missing information, 3) take one small action this week, and 4) review whether the result actually helped. Keep the scope small and check your progress with evidence.",,,,,,,,,,
A0095,Q032,Concise_Model,career_planning,medium,medium,undergraduate,How do I explain a project to a professor when asking for research opportunities?,"Here is the short answer. Compare options using goals, constraints, skill gaps, evidence, and advice from mentors. Start with one small task, finish it, and then decide the next step based on what you learned.",,,,,,,,,,
A0096,Q032,Overconfident_Model,career_planning,medium,medium,undergraduate,How do I explain a project to a professor when asking for research opportunities?,"The answer is straightforward and you should follow this path. For this situation, the optimal move is clear: Compare options using goals, constraints, skill gaps, evidence, and advice from mentors. Do this immediately and do not spend too much time comparing alternatives.",,,,,,,,,,
A0097,Q033,Balanced_GPT,research_planning,hard,high,master_student,Can I publish a paper from a small class project?,"A strong answer should start by clarifying the goal, then give practical next steps. For this question — Can I publish a paper from a small class project? — the best approach is to separate the goal from the next action. Turn a broad topic into a specific research question, method, dataset, and contribution claim. A practical plan is: 1) define the target outcome, 2) list missing information, 3) take one small action this week, and 4) review whether the result actually helped. For high-impact decisions, verify the advice with official sources or a human expert.",,,,,,,,,,
A0098,Q033,Concise_Model,research_planning,hard,high,master_student,Can I publish a paper from a small class project?,"Here is the short answer. Turn a broad topic into a specific research question, method, dataset, and contribution claim. Start with one small task, finish it, and then decide the next step based on what you learned.",,,,,,,,,,
A0099,Q033,Overconfident_Model,research_planning,hard,high,master_student,Can I publish a paper from a small class project?,"The answer is straightforward and you should follow this path. For this situation, the optimal move is clear: Turn a broad topic into a specific research question, method, dataset, and contribution claim. Do this immediately and do not spend too much time comparing alternatives.",,,,,,,,,,
A0100,Q034,Balanced_GPT,product_strategy,medium,medium,master_student,How can I make my project more aligned with HCAI?,"A strong answer should start by clarifying the goal, then give practical next steps. For this question — How can I make my project more aligned with HCAI? — the best approach is to separate the goal from the next action. Define the user, pain point, MVP scope, success metric, and next product iteration. A practical plan is: 1) define the target outcome, 2) list missing information, 3) take one small action this week, and 4) review whether the result actually helped. Keep the scope small and check your progress with evidence.",,,,,,,,,,
A0101,Q034,Concise_Model,product_strategy,medium,medium,master_student,How can I make my project more aligned with HCAI?,"Here is the short answer. Define the user, pain point, MVP scope, success metric, and next product iteration. Start with one small task, finish it, and then decide the next step based on what you learned.",,,,,,,,,,
A0102,Q034,Overconfident_Model,product_strategy,medium,medium,master_student,How can I make my project more aligned with HCAI?,"The answer is straightforward and you should follow this path. For this situation, the optimal move is clear: Define the user, pain point, MVP scope, success metric, and next product iteration. Do this immediately and do not spend too much time comparing alternatives.",,,,,,,,,,
A0103,Q035,Balanced_GPT,research_methods,easy,low,beginner,What is qualitative coding?,"A strong answer should start by clarifying the goal, then give practical next steps. For this question — What is qualitative coding? — the best approach is to separate the goal from the next action. Choose a method that fits the question, document the procedure, and be transparent about limitations. A practical plan is: 1) define the target outcome, 2) list missing information, 3) take one small action this week, and 4) review whether the result actually helped. Keep the scope small and check your progress with evidence.",,,,,,,,,,
A0104,Q035,Concise_Model,research_methods,easy,low,beginner,What is qualitative coding?,"Here is the short answer. Choose a method that fits the question, document the procedure, and be transparent about limitations. Start with one small task, finish it, and then decide the next step based on what you learned.",,,,,,,,,,
A0105,Q035,Overconfident_Model,research_methods,easy,low,beginner,What is qualitative coding?,"The answer is straightforward and you should follow this path. For this situation, the optimal move is clear: Choose a method that fits the question, document the procedure, and be transparent about limitations. Do this immediately and do not spend too much time comparing alternatives.",,,,,,,,,,
A0106,Q036,Balanced_GPT,research_methods,hard,medium,master_student,How do I create a thematic analysis from interview transcripts?,"A strong answer should start by clarifying the goal, then give practical next steps. For this question — How do I create a thematic analysis from interview transcripts? — the best approach is to separate the goal from the next action. Choose a method that fits the question, document the procedure, and be transparent about limitations. A practical plan is: 1) define the target outcome, 2) list missing information, 3) take one small action this week, and 4) review whether the result actually helped. Keep the scope small and check your progress with evidence.",,,,,,,,,,
A0107,Q036,Concise_Model,research_methods,hard,medium,master_student,How do I create a thematic analysis from interview transcripts?,"Here is the short answer. Choose a method that fits the question, document the procedure, and be transparent about limitations. Start with one small task, finish it, and then decide the next step based on what you learned.",,,,,,,,,,
A0108,Q036,Overconfident_Model,research_methods,hard,medium,master_student,How do I create a thematic analysis from interview transcripts?,"The answer is straightforward and you should follow this path. For this situation, the optimal move is clear: Choose a method that fits the question, document the procedure, and be transparent about limitations. Do this immediately and do not spend too much time comparing alternatives.",,,,,,,,,,
A0109,Q037,Balanced_GPT,ai_evaluation,medium,medium,master_student,What are common failure modes of AI academic advice?,"A strong answer should start by clarifying the goal, then give practical next steps. For this question — What are common failure modes of AI academic advice? — the best approach is to separate the goal from the next action. Define a rubric, collect representative test cases, score outputs, and analyze failure modes. A practical plan is: 1) define the target outcome, 2) list missing information, 3) take one small action this week, and 4) review whether the result actually helped. Keep the scope small and check your progress with evidence.",,,,,,,,,,
A0110,Q037,Concise_Model,ai_evaluation,medium,medium,master_student,What are common failure modes of AI academic advice?,"Here is the short answer. Define a rubric, collect representative test cases, score outputs, and analyze failure modes. Start with one small task, finish it, and then decide the next step based on what you learned.",,,,,,,,,,
A0111,Q037,Overconfident_Model,ai_evaluation,medium,medium,master_student,What are common failure modes of AI academic advice?,"The answer is straightforward and you should follow this path. For this situation, the optimal move is clear: Define a rubric, collect representative test cases, score outputs, and analyze failure modes. Do this immediately and do not spend too much time comparing alternatives.",,,,,,,,,,
A0112,Q038,Balanced_GPT,human_ai_interaction,hard,high,master_student,How do I decide when AI should ask a follow-up question?,"A strong answer should start by clarifying the goal, then give practical next steps. For this question — How do I decide when AI should ask a follow-up question? — the best approach is to separate the goal from the next action. Study how users understand, trust, misuse, or collaborate with the AI system. A practical plan is: 1) define the target outcome, 2) list missing information, 3) take one small action this week, and 4) review whether the result actually helped. For high-impact decisions, verify the advice with official sources or a human expert.",,,,,,,,,,
A0113,Q038,Concise_Model,human_ai_interaction,hard,high,master_student,How do I decide when AI should ask a follow-up question?,"Here is the short answer. Study how users understand, trust, misuse, or collaborate with the AI system. Start with one small task, finish it, and then decide the next step based on what you learned.",,,,,,,,,,
A0114,Q038,Overconfident_Model,human_ai_interaction,hard,high,master_student,How do I decide when AI should ask a follow-up question?,"The answer is straightforward and you should follow this path. For this situation, the optimal move is clear: Study how users understand, trust, misuse, or collaborate with the AI system. Do this immediately and do not spend too much time comparing alternatives.",,,,,,,,,,
A0115,Q039,Balanced_GPT,human_ai_interaction,hard,high,master_student,How do I evaluate whether users over-trust AI?,"A strong answer should start by clarifying the goal, then give practical next steps. For this question — How do I evaluate whether users over-trust AI? — the best approach is to separate the goal from the next action. Study how users understand, trust, misuse, or collaborate with the AI system. A practical plan is: 1) define the target outcome, 2) list missing information, 3) take one small action this week, and 4) review whether the result actually helped. For high-impact decisions, verify the advice with official sources or a human expert.",,,,,,,,,,
A0116,Q039,Concise_Model,human_ai_interaction,hard,high,master_student,How do I evaluate whether users over-trust AI?,"Here is the short answer. Study how users understand, trust, misuse, or collaborate with the AI system. Start with one small task, finish it, and then decide the next step based on what you learned.",,,,,,,,,,
A0117,Q039,Overconfident_Model,human_ai_interaction,hard,high,master_student,How do I evaluate whether users over-trust AI?,"The answer is straightforward and you should follow this path. For this situation, the optimal move is clear: Study how users understand, trust, misuse, or collaborate with the AI system. Do this immediately and do not spend too much time comparing alternatives.",,,,,,,,,,
A0118,Q040,Balanced_GPT,responsible_ai,hard,high,master_student,How do I design a guardrail for high-stakes academic advice?,"A strong answer should start by clarifying the goal, then give practical next steps. For this question — How do I design a guardrail for high-stakes academic advice? — the best approach is to separate the goal from the next action. Add uncertainty, privacy protection, source verification, and escalation for high-impact decisions. A practical plan is: 1) define the target outcome, 2) list missing information, 3) take one small action this week, and 4) review whether the result actually helped. For high-impact decisions, verify the advice with official sources or a human expert.",,,,,,,,,,
A0119,Q040,Concise_Model,responsible_ai,hard,high,master_student,How do I design a guardrail for high-stakes academic advice?,"Here is the short answer. Add uncertainty, privacy protection, source verification, and escalation for high-impact decisions. Start with one small task, finish it, and then decide the next step based on what you learned.",,,,,,,,,,
A0120,Q040,Overconfident_Model,responsible_ai,hard,high,master_student,How do I design a guardrail for high-stakes academic advice?,"The answer is straightforward and you should follow this path. For this situation, the optimal move is clear: Add uncertainty, privacy protection, source verification, and escalation for high-impact decisions. Do this immediately and do not spend too much time comparing alternatives.",,,,,,,,,,
A0121,Q041,Balanced_GPT,responsible_ai,medium,high,undergraduate,What should an AI say when it is unsure about university policy?,"A strong answer should start by clarifying the goal, then give practical next steps. For this question — What should an AI say when it is unsure about university policy? — the best approach is to separate the goal from the next action. Add uncertainty, privacy protection, source verification, and escalation for high-impact decisions. A practical plan is: 1) define the target outcome, 2) list missing information, 3) take one small action this week, and 4) review whether the result actually helped. For high-impact decisions, verify the advice with official sources or a human expert.",,,,,,,,,,
A0122,Q041,Concise_Model,responsible_ai,medium,high,undergraduate,What should an AI say when it is unsure about university policy?,"Here is the short answer. Add uncertainty, privacy protection, source verification, and escalation for high-impact decisions. Start with one small task, finish it, and then decide the next step based on what you learned.",,,,,,,,,,
A0123,Q041,Overconfident_Model,responsible_ai,medium,high,undergraduate,What should an AI say when it is unsure about university policy?,"The answer is straightforward and you should follow this path. For this situation, the optimal move is clear: Add uncertainty, privacy protection, source verification, and escalation for high-impact decisions. Do this immediately and do not spend too much time comparing alternatives.",,,,,,,,,,
A0124,Q042,Balanced_GPT,ai_evaluation,hard,medium,cs_student,How do I compare GPT-style models for student advice?,"A strong answer should start by clarifying the goal, then give practical next steps. For this question — How do I compare GPT-style models for student advice? — the best approach is to separate the goal from the next action. Define a rubric, collect representative test cases, score outputs, and analyze failure modes. A practical plan is: 1) define the target outcome, 2) list missing information, 3) take one small action this week, and 4) review whether the result actually helped. Keep the scope small and check your progress with evidence.",,,,,,,,,,
A0125,Q042,Concise_Model,ai_evaluation,hard,medium,cs_student,How do I compare GPT-style models for student advice?,"Here is the short answer. Define a rubric, collect representative test cases, score outputs, and analyze failure modes. Start with one small task, finish it, and then decide the next step based on what you learned.",,,,,,,,,,
A0126,Q042,Overconfident_Model,ai_evaluation,hard,medium,cs_student,How do I compare GPT-style models for student advice?,"The answer is straightforward and you should follow this path. For this situation, the optimal move is clear: Define a rubric, collect representative test cases, score outputs, and analyze failure modes. Do this immediately and do not spend too much time comparing alternatives.",,,,,,,,,,
A0127,Q043,Balanced_GPT,data_science,medium,medium,cs_student,How do I create a confusion matrix for AI response risk levels?,"A strong answer should start by clarifying the goal, then give practical next steps. For this question — How do I create a confusion matrix for AI response risk levels? — the best approach is to separate the goal from the next action. Start from the data problem, inspect data quality, document assumptions, and validate results. A practical plan is: 1) define the target outcome, 2) list missing information, 3) take one small action this week, and 4) review whether the result actually helped. Keep the scope small and check your progress with evidence.",,,,,,,,,,
A0128,Q043,Concise_Model,data_science,medium,medium,cs_student,How do I create a confusion matrix for AI response risk levels?,"Here is the short answer. Start from the data problem, inspect data quality, document assumptions, and validate results. Start with one small task, finish it, and then decide the next step based on what you learned.",,,,,,,,,,
A0129,Q043,Overconfident_Model,data_science,medium,medium,cs_student,How do I create a confusion matrix for AI response risk levels?,"The answer is straightforward and you should follow this path. For this situation, the optimal move is clear: Start from the data problem, inspect data quality, document assumptions, and validate results. Do this immediately and do not spend too much time comparing alternatives.",,,,,,,,,,
A0130,Q044,Balanced_GPT,statistics,easy,low,beginner,How can I learn statistics without getting overwhelmed?,"A strong answer should start by clarifying the goal, then give practical next steps. For this question — How can I learn statistics without getting overwhelmed? — the best approach is to separate the goal from the next action. Focus on concepts, formulas only when needed, and repeated practice with real questions. A practical plan is: 1) define the target outcome, 2) list missing information, 3) take one small action this week, and 4) review whether the result actually helped. Keep the scope small and check your progress with evidence.",,,,,,,,,,
A0131,Q044,Concise_Model,statistics,easy,low,beginner,How can I learn statistics without getting overwhelmed?,"Here is the short answer. Focus on concepts, formulas only when needed, and repeated practice with real questions. Start with one small task, finish it, and then decide the next step based on what you learned.",,,,,,,,,,
A0132,Q044,Overconfident_Model,statistics,easy,low,beginner,How can I learn statistics without getting overwhelmed?,"The answer is straightforward and you should follow this path. For this situation, the optimal move is clear: Focus on concepts, formulas only when needed, and repeated practice with real questions. Do this immediately and do not spend too much time comparing alternatives.",,,,,,,,,,
A0133,Q045,Balanced_GPT,statistics,medium,medium,undergraduate,What statistics topics matter most for data science research?,"A strong answer should start by clarifying the goal, then give practical next steps. For this question — What statistics topics matter most for data science research? — the best approach is to separate the goal from the next action. Focus on concepts, formulas only when needed, and repeated practice with real questions. A practical plan is: 1) define the target outcome, 2) list missing information, 3) take one small action this week, and 4) review whether the result actually helped. Keep the scope small and check your progress with evidence.",,,,,,,,,,
A0134,Q045,Concise_Model,statistics,medium,medium,undergraduate,What statistics topics matter most for data science research?,"Here is the short answer. Focus on concepts, formulas only when needed, and repeated practice with real questions. Start with one small task, finish it, and then decide the next step based on what you learned.",,,,,,,,,,
A0135,Q045,Overconfident_Model,statistics,medium,medium,undergraduate,What statistics topics matter most for data science research?,"The answer is straightforward and you should follow this path. For this situation, the optimal move is clear: Focus on concepts, formulas only when needed, and repeated practice with real questions. Do this immediately and do not spend too much time comparing alternatives.",,,,,,,,,,
A0136,Q046,Balanced_GPT,statistics,medium,medium,beginner,How do I know whether a correlation is meaningful?,"A strong answer should start by clarifying the goal, then give practical next steps. For this question — How do I know whether a correlation is meaningful? — the best approach is to separate the goal from the next action. Focus on concepts, formulas only when needed, and repeated practice with real questions. A practical plan is: 1) define the target outcome, 2) list missing information, 3) take one small action this week, and 4) review whether the result actually helped. Keep the scope small and check your progress with evidence.",,,,,,,,,,
A0137,Q046,Concise_Model,statistics,medium,medium,beginner,How do I know whether a correlation is meaningful?,"Here is the short answer. Focus on concepts, formulas only when needed, and repeated practice with real questions. Start with one small task, finish it, and then decide the next step based on what you learned.",,,,,,,,,,
A0138,Q046,Overconfident_Model,statistics,medium,medium,beginner,How do I know whether a correlation is meaningful?,"The answer is straightforward and you should follow this path. For this situation, the optimal move is clear: Focus on concepts, formulas only when needed, and repeated practice with real questions. Do this immediately and do not spend too much time comparing alternatives.",,,,,,,,,,
A0139,Q047,Balanced_GPT,machine_learning,medium,medium,undergraduate,Should I learn linear algebra before machine learning?,"A strong answer should start by clarifying the goal, then give practical next steps. For this question — Should I learn linear algebra before machine learning? — the best approach is to separate the goal from the next action. Prepare the prerequisites, understand evaluation metrics, and practice on small datasets before scaling up. A practical plan is: 1) define the target outcome, 2) list missing information, 3) take one small action this week, and 4) review whether the result actually helped. Keep the scope small and check your progress with evidence.",,,,,,,,,,
A0140,Q047,Concise_Model,machine_learning,medium,medium,undergraduate,Should I learn linear algebra before machine learning?,"Here is the short answer. Prepare the prerequisites, understand evaluation metrics, and practice on small datasets before scaling up. Start with one small task, finish it, and then decide the next step based on what you learned.",,,,,,,,,,
A0141,Q047,Overconfident_Model,machine_learning,medium,medium,undergraduate,Should I learn linear algebra before machine learning?,"The answer is straightforward and you should follow this path. For this situation, the optimal move is clear: Prepare the prerequisites, understand evaluation metrics, and practice on small datasets before scaling up. Do this immediately and do not spend too much time comparing alternatives.",,,,,,,,,,
A0142,Q048,Balanced_GPT,machine_learning,medium,medium,cs_student,How do I avoid overfitting in a machine learning project?,"A strong answer should start by clarifying the goal, then give practical next steps. For this question — How do I avoid overfitting in a machine learning project? — the best approach is to separate the goal from the next action. Prepare the prerequisites, understand evaluation metrics, and practice on small datasets before scaling up. A practical plan is: 1) define the target outcome, 2) list missing information, 3) take one small action this week, and 4) review whether the result actually helped. Keep the scope small and check your progress with evidence.",,,,,,,,,,
A0143,Q048,Concise_Model,machine_learning,medium,medium,cs_student,How do I avoid overfitting in a machine learning project?,"Here is the short answer. Prepare the prerequisites, understand evaluation metrics, and practice on small datasets before scaling up. Start with one small task, finish it, and then decide the next step based on what you learned.",,,,,,,,,,
A0144,Q048,Overconfident_Model,machine_learning,medium,medium,cs_student,How do I avoid overfitting in a machine learning project?,"The answer is straightforward and you should follow this path. For this situation, the optimal move is clear: Prepare the prerequisites, understand evaluation metrics, and practice on small datasets before scaling up. Do this immediately and do not spend too much time comparing alternatives.",,,,,,,,,,
A0145,Q049,Balanced_GPT,ai_evaluation,easy,low,beginner,What is a good beginner project for AI evaluation?,"A strong answer should start by clarifying the goal, then give practical next steps. For this question — What is a good beginner project for AI evaluation? — the best approach is to separate the goal from the next action. Define a rubric, collect representative test cases, score outputs, and analyze failure modes. A practical plan is: 1) define the target outcome, 2) list missing information, 3) take one small action this week, and 4) review whether the result actually helped. Keep the scope small and check your progress with evidence.",,,,,,,,,,
A0146,Q049,Concise_Model,ai_evaluation,easy,low,beginner,What is a good beginner project for AI evaluation?,"Here is the short answer. Define a rubric, collect representative test cases, score outputs, and analyze failure modes. Start with one small task, finish it, and then decide the next step based on what you learned.",,,,,,,,,,
A0147,Q049,Overconfident_Model,ai_evaluation,easy,low,beginner,What is a good beginner project for AI evaluation?,"The answer is straightforward and you should follow this path. For this situation, the optimal move is clear: Define a rubric, collect representative test cases, score outputs, and analyze failure modes. Do this immediately and do not spend too much time comparing alternatives.",,,,,,,,,,
A0148,Q050,Balanced_GPT,product_strategy,medium,medium,undergraduate,How do I make my AI project look less like a toy project?,"A strong answer should start by clarifying the goal, then give practical next steps. For this question — How do I make my AI project look less like a toy project? — the best approach is to separate the goal from the next action. Define the user, pain point, MVP scope, success metric, and next product iteration. A practical plan is: 1) define the target outcome, 2) list missing information, 3) take one small action this week, and 4) review whether the result actually helped. Keep the scope small and check your progress with evidence.",,,,,,,,,,
A0149,Q050,Concise_Model,product_strategy,medium,medium,undergraduate,How do I make my AI project look less like a toy project?,"Here is the short answer. Define the user, pain point, MVP scope, success metric, and next product iteration. Start with one small task, finish it, and then decide the next step based on what you learned.",,,,,,,,,,
A0150,Q050,Overconfident_Model,product_strategy,medium,medium,undergraduate,How do I make my AI project look less like a toy project?,"The answer is straightforward and you should follow this path. For this situation, the optimal move is clear: Define the user, pain point, MVP scope, success metric, and next product iteration. Do this immediately and do not spend too much time comparing alternatives.",,,,,,,,,,
A0151,Q051,Balanced_GPT,human_ai_interaction,medium,medium,master_student,How can I use user feedback to improve AI answers?,"A strong answer should start by clarifying the goal, then give practical next steps. For this question — How can I use user feedback to improve AI answers? — the best approach is to separate the goal from the next action. Study how users understand, trust, misuse, or collaborate with the AI system. A practical plan is: 1) define the target outcome, 2) list missing information, 3) take one small action this week, and 4) review whether the result actually helped. Keep the scope small and check your progress with evidence.",,,,,,,,,,
A0152,Q051,Concise_Model,human_ai_interaction,medium,medium,master_student,How can I use user feedback to improve AI answers?,"Here is the short answer. Study how users understand, trust, misuse, or collaborate with the AI system. Start with one small task, finish it, and then decide the next step based on what you learned.",,,,,,,,,,
A0153,Q051,Overconfident_Model,human_ai_interaction,medium,medium,master_student,How can I use user feedback to improve AI answers?,"The answer is straightforward and you should follow this path. For this situation, the optimal move is clear: Study how users understand, trust, misuse, or collaborate with the AI system. Do this immediately and do not spend too much time comparing alternatives.",,,,,,,,,,
A0154,Q052,Balanced_GPT,responsible_ai,hard,high,undergraduate,What should I do if AI gives harmful study advice?,"A strong answer should start by clarifying the goal, then give practical next steps. For this question — What should I do if AI gives harmful study advice? — the best approach is to separate the goal from the next action. Add uncertainty, privacy protection, source verification, and escalation for high-impact decisions. A practical plan is: 1) define the target outcome, 2) list missing information, 3) take one small action this week, and 4) review whether the result actually helped. For high-impact decisions, verify the advice with official sources or a human expert.",,,,,,,,,,
A0155,Q052,Concise_Model,responsible_ai,hard,high,undergraduate,What should I do if AI gives harmful study advice?,"Here is the short answer. Add uncertainty, privacy protection, source verification, and escalation for high-impact decisions. Start with one small task, finish it, and then decide the next step based on what you learned.",,,,,,,,,,
A0156,Q052,Overconfident_Model,responsible_ai,hard,high,undergraduate,What should I do if AI gives harmful study advice?,"The answer is straightforward and you should follow this path. For this situation, the optimal move is clear: Add uncertainty, privacy protection, source verification, and escalation for high-impact decisions. Do this immediately and do not spend too much time comparing alternatives.",,,,,,,,,,
A0157,Q053,Balanced_GPT,human_ai_interaction,hard,high,master_student,How do I evaluate AI advice for international students?,"A strong answer should start by clarifying the goal, then give practical next steps. For this question — How do I evaluate AI advice for international students? — the best approach is to separate the goal from the next action. Study how users understand, trust, misuse, or collaborate with the AI system. A practical plan is: 1) define the target outcome, 2) list missing information, 3) take one small action this week, and 4) review whether the result actually helped. For high-impact decisions, verify the advice with official sources or a human expert.",,,,,,,,,,
A0158,Q053,Concise_Model,human_ai_interaction,hard,high,master_student,How do I evaluate AI advice for international students?,"Here is the short answer. Study how users understand, trust, misuse, or collaborate with the AI system. Start with one small task, finish it, and then decide the next step based on what you learned.",,,,,,,,,,
A0159,Q053,Overconfident_Model,human_ai_interaction,hard,high,master_student,How do I evaluate AI advice for international students?,"The answer is straightforward and you should follow this path. For this situation, the optimal move is clear: Study how users understand, trust, misuse, or collaborate with the AI system. Do this immediately and do not spend too much time comparing alternatives.",,,,,,,,,,
A0160,Q054,Balanced_GPT,career_planning,hard,high,master_student,How do I choose between product data scientist and research scientist?,"A strong answer should start by clarifying the goal, then give practical next steps. For this question — How do I choose between product data scientist and research scientist? — the best approach is to separate the goal from the next action. Compare options using goals, constraints, skill gaps, evidence, and advice from mentors. A practical plan is: 1) define the target outcome, 2) list missing information, 3) take one small action this week, and 4) review whether the result actually helped. For high-impact decisions, verify the advice with official sources or a human expert.",,,,,,,,,,
A0161,Q054,Concise_Model,career_planning,hard,high,master_student,How do I choose between product data scientist and research scientist?,"Here is the short answer. Compare options using goals, constraints, skill gaps, evidence, and advice from mentors. Start with one small task, finish it, and then decide the next step based on what you learned.",,,,,,,,,,
A0162,Q054,Overconfident_Model,career_planning,hard,high,master_student,How do I choose between product data scientist and research scientist?,"The answer is straightforward and you should follow this path. For this situation, the optimal move is clear: Compare options using goals, constraints, skill gaps, evidence, and advice from mentors. Do this immediately and do not spend too much time comparing alternatives.",,,,,,,,,,
A0163,Q055,Balanced_GPT,responsible_ai,medium,medium,undergraduate,How do I build a small dataset ethically?,"A strong answer should start by clarifying the goal, then give practical next steps. For this question — How do I build a small dataset ethically? — the best approach is to separate the goal from the next action. Add uncertainty, privacy protection, source verification, and escalation for high-impact decisions. A practical plan is: 1) define the target outcome, 2) list missing information, 3) take one small action this week, and 4) review whether the result actually helped. Keep the scope small and check your progress with evidence.",,,,,,,,,,
A0164,Q055,Concise_Model,responsible_ai,medium,medium,undergraduate,How do I build a small dataset ethically?,"Here is the short answer. Add uncertainty, privacy protection, source verification, and escalation for high-impact decisions. Start with one small task, finish it, and then decide the next step based on what you learned.",,,,,,,,,,
A0165,Q055,Overconfident_Model,responsible_ai,medium,medium,undergraduate,How do I build a small dataset ethically?,"The answer is straightforward and you should follow this path. For this situation, the optimal move is clear: Add uncertainty, privacy protection, source verification, and escalation for high-impact decisions. Do this immediately and do not spend too much time comparing alternatives.",,,,,,,,,,
A0166,Q056,Balanced_GPT,research_methods,medium,medium,undergraduate,How do I write limitations for an AI evaluation report?,"A strong answer should start by clarifying the goal, then give practical next steps. For this question — How do I write limitations for an AI evaluation report? — the best approach is to separate the goal from the next action. Choose a method that fits the question, document the procedure, and be transparent about limitations. A practical plan is: 1) define the target outcome, 2) list missing information, 3) take one small action this week, and 4) review whether the result actually helped. Keep the scope small and check your progress with evidence.",,,,,,,,,,
A0167,Q056,Concise_Model,research_methods,medium,medium,undergraduate,How do I write limitations for an AI evaluation report?,"Here is the short answer. Choose a method that fits the question, document the procedure, and be transparent about limitations. Start with one small task, finish it, and then decide the next step based on what you learned.",,,,,,,,,,
A0168,Q056,Overconfident_Model,research_methods,medium,medium,undergraduate,How do I write limitations for an AI evaluation report?,"The answer is straightforward and you should follow this path. For this situation, the optimal move is clear: Choose a method that fits the question, document the procedure, and be transparent about limitations. Do this immediately and do not spend too much time comparing alternatives.",,,,,,,,,,
A0169,Q057,Balanced_GPT,programming,easy,low,beginner,What is a good weekly plan to learn Streamlit?,"A strong answer should start by clarifying the goal, then give practical next steps. For this question — What is a good weekly plan to learn Streamlit? — the best approach is to separate the goal from the next action. Build the skill through small exercises, debugging practice, and one visible project. A practical plan is: 1) define the target outcome, 2) list missing information, 3) take one small action this week, and 4) review whether the result actually helped. Keep the scope small and check your progress with evidence.",,,,,,,,,,
A0170,Q057,Concise_Model,programming,easy,low,beginner,What is a good weekly plan to learn Streamlit?,"Here is the short answer. Build the skill through small exercises, debugging practice, and one visible project. Start with one small task, finish it, and then decide the next step based on what you learned.",,,,,,,,,,
A0171,Q057,Overconfident_Model,programming,easy,low,beginner,What is a good weekly plan to learn Streamlit?,"The answer is straightforward and you should follow this path. For this situation, the optimal move is clear: Build the skill through small exercises, debugging practice, and one visible project. Do this immediately and do not spend too much time comparing alternatives.",,,,,,,,,,
A0172,Q058,Balanced_GPT,programming,medium,low,cs_student,How can I debug pandas merge errors?,"A strong answer should start by clarifying the goal, then give practical next steps. For this question — How can I debug pandas merge errors? — the best approach is to separate the goal from the next action. Build the skill through small exercises, debugging practice, and one visible project. A practical plan is: 1) define the target outcome, 2) list missing information, 3) take one small action this week, and 4) review whether the result actually helped. Keep the scope small and check your progress with evidence.",,,,,,,,,,
A0173,Q058,Concise_Model,programming,medium,low,cs_student,How can I debug pandas merge errors?,"Here is the short answer. Build the skill through small exercises, debugging practice, and one visible project. Start with one small task, finish it, and then decide the next step based on what you learned.",,,,,,,,,,
A0174,Q058,Overconfident_Model,programming,medium,low,cs_student,How can I debug pandas merge errors?,"The answer is straightforward and you should follow this path. For this situation, the optimal move is clear: Build the skill through small exercises, debugging practice, and one visible project. Do this immediately and do not spend too much time comparing alternatives.",,,,,,,,,,
A0175,Q059,Balanced_GPT,data_visualization,easy,low,beginner,How do I decide which visualization type to use?,"A strong answer should start by clarifying the goal, then give practical next steps. For this question — How do I decide which visualization type to use? — the best approach is to separate the goal from the next action. Choose charts that match the decision being made and avoid visual designs that exaggerate patterns. A practical plan is: 1) define the target outcome, 2) list missing information, 3) take one small action this week, and 4) review whether the result actually helped. Keep the scope small and check your progress with evidence.",,,,,,,,,,
A0176,Q059,Concise_Model,data_visualization,easy,low,beginner,How do I decide which visualization type to use?,"Here is the short answer. Choose charts that match the decision being made and avoid visual designs that exaggerate patterns. Start with one small task, finish it, and then decide the next step based on what you learned.",,,,,,,,,,
A0177,Q059,Overconfident_Model,data_visualization,easy,low,beginner,How do I decide which visualization type to use?,"The answer is straightforward and you should follow this path. For this situation, the optimal move is clear: Choose charts that match the decision being made and avoid visual designs that exaggerate patterns. Do this immediately and do not spend too much time comparing alternatives.",,,,,,,,,,
A0178,Q060,Balanced_GPT,product_strategy,hard,high,master_student,How do I turn evaluation findings into product changes?,"A strong answer should start by clarifying the goal, then give practical next steps. For this question — How do I turn evaluation findings into product changes? — the best approach is to separate the goal from the next action. Define the user, pain point, MVP scope, success metric, and next product iteration. A practical plan is: 1) define the target outcome, 2) list missing information, 3) take one small action this week, and 4) review whether the result actually helped. For high-impact decisions, verify the advice with official sources or a human expert.",,,,,,,,,,
A0179,Q060,Concise_Model,product_strategy,hard,high,master_student,How do I turn evaluation findings into product changes?,"Here is the short answer. Define the user, pain point, MVP scope, success metric, and next product iteration. Start with one small task, finish it, and then decide the next step based on what you learned.",,,,,,,,,,
A0180,Q060,Overconfident_Model,product_strategy,hard,high,master_student,How do I turn evaluation findings into product changes?,"The answer is straightforward and you should follow this path. For this situation, the optimal move is clear: Define the user, pain point, MVP scope, success metric, and next product iteration. Do this immediately and do not spend too much time comparing alternatives.",,,,,,,,,,
